system:index,NDVI,date,day,month,satellite,year,.geo
1_2005_01_01,0.7663113554686595,2005-01-01,01,01,,2005,"{""type"":""MultiPoint"",""coordinates"":[]}"
1_2005_01_17,0.7809662253835524,2005-01-17,17,01,,2005,"{""type"":""MultiPoint"",""coordinates"":[]}"
1_2005_02_02,0.754111728471079,2005-02-02,02,02,,2005,"{""type"":""MultiPoint"",""coordinates"":[]}"
1_2005_02_18,0.7406567613207078,2005-02-18,18,02,,2005,"{""type"":""MultiPoint"",""coordinates"":[]}"
1_2005_03_06,0.7034917525473554,2005-03-06,06,03,,2005,"{""type"":""MultiPoint"",""coordinates"":[]}"
1_2005_03_22,0.7137832252239505,2005-03-22,22,03,,2005,"{""type"":""MultiPoint"",""coordinates"":[]}"
1_2005_04_07,0.7566404880441974,2005-04-07,07,04,,2005,"{""type"":""MultiPoint"",""coordinates"":[]}"
1_2005_04_23,0.7028562373503746,2005-04-23,23,04,,2005,"{""type"":""MultiPoint"",""coordinates"":[]}"
1_2005_05_09,0.7419578501328111,2005-05-09,09,05,,2005,"{""type"":""MultiPoint"",""coordinates"":[]}"
1_2005_05_25,0.7164859000101812,2005-05-25,25,05,,2005,"{""type"":""MultiPoint"",""coordinates"":[]}"
1_2005_06_10,0.7280474947075204,2005-06-10,10,06,,2005,"{""type"":""MultiPoint"",""coordinates"":[]}"
1_2005_06_26,0.7885616660363364,2005-06-26,26,06,,2005,"{""type"":""MultiPoint"",""coordinates"":[]}"
1_2005_07_12,0.7674722994508953,2005-07-12,12,07,,2005,"{""type"":""MultiPoint"",""coordinates"":[]}"
1_2005_07_28,0.7309463290041085,2005-07-28,28,07,,2005,"{""type"":""MultiPoint"",""coordinates"":[]}"
1_2005_08_13,0.7233984861474446,2005-08-13,13,08,,2005,"{""type"":""MultiPoint"",""coordinates"":[]}"
1_2005_08_29,0.7544444727327689,2005-08-29,29,08,,2005,"{""type"":""MultiPoint"",""coordinates"":[]}"
1_2005_09_14,0.7104484626303061,2005-09-14,14,09,,2005,"{""type"":""MultiPoint"",""coordinates"":[]}"
1_2005_09_30,0.5640985743431456,2005-09-30,30,09,,2005,"{""type"":""MultiPoint"",""coordinates"":[]}"
1_2005_10_16,0.6831685236779963,2005-10-16,16,10,,2005,"{""type"":""MultiPoint"",""coordinates"":[]}"
1_2005_11_01,0.7474503408935209,2005-11-01,01,11,,2005,"{""type"":""MultiPoint"",""coordinates"":[]}"
1_2005_11_17,0.5537576257806068,2005-11-17,17,11,,2005,"{""type"":""MultiPoint"",""coordinates"":[]}"
1_2005_12_03,0.6331550463442948,2005-12-03,03,12,,2005,"{""type"":""MultiPoint"",""coordinates"":[]}"
1_2005_12_19,0.7675159017952743,2005-12-19,19,12,,2005,"{""type"":""MultiPoint"",""coordinates"":[]}"
1_2006_01_01,0.6241603734251084,2006-01-01,01,01,,2006,"{""type"":""MultiPoint"",""coordinates"":[]}"
1_2006_01_17,0.766507096343666,2006-01-17,17,01,,2006,"{""type"":""MultiPoint"",""coordinates"":[]}"
1_2006_02_02,0.7580496117118258,2006-02-02,02,02,,2006,"{""type"":""MultiPoint"",""coordinates"":[]}"
1_2006_02_18,0.7153700140857254,2006-02-18,18,02,,2006,"{""type"":""MultiPoint"",""coordinates"":[]}"
1_2006_03_06,0.7420678123454469,2006-03-06,06,03,,2006,"{""type"":""MultiPoint"",""coordinates"":[]}"
1_2006_03_22,0.7574911081580554,2006-03-22,22,03,,2006,"{""type"":""MultiPoint"",""coordinates"":[]}"
1_2006_04_07,0.6349299811917457,2006-04-07,07,04,,2006,"{""type"":""MultiPoint"",""coordinates"":[]}"
1_2006_04_23,0.6610092568237579,2006-04-23,23,04,,2006,"{""type"":""MultiPoint"",""coordinates"":[]}"
1_2006_05_09,0.7088151660302056,2006-05-09,09,05,,2006,"{""type"":""MultiPoint"",""coordinates"":[]}"
1_2006_05_25,0.7871567362351967,2006-05-25,25,05,,2006,"{""type"":""MultiPoint"",""coordinates"":[]}"
1_2006_06_10,0.729557605799641,2006-06-10,10,06,,2006,"{""type"":""MultiPoint"",""coordinates"":[]}"
1_2006_06_26,0.7802818209117429,2006-06-26,26,06,,2006,"{""type"":""MultiPoint"",""coordinates"":[]}"
1_2006_07_12,0.7566170054445911,2006-07-12,12,07,,2006,"{""type"":""MultiPoint"",""coordinates"":[]}"
1_2006_07_28,0.7704156689342618,2006-07-28,28,07,,2006,"{""type"":""MultiPoint"",""coordinates"":[]}"
1_2006_08_13,0.7591663429186808,2006-08-13,13,08,,2006,"{""type"":""MultiPoint"",""coordinates"":[]}"
1_2006_08_29,0.6317926965854643,2006-08-29,29,08,,2006,"{""type"":""MultiPoint"",""coordinates"":[]}"
1_2006_09_14,0.7266721226181576,2006-09-14,14,09,,2006,"{""type"":""MultiPoint"",""coordinates"":[]}"
1_2006_09_30,0.7861557649443233,2006-09-30,30,09,,2006,"{""type"":""MultiPoint"",""coordinates"":[]}"
1_2006_10_16,0.6032300514213846,2006-10-16,16,10,,2006,"{""type"":""MultiPoint"",""coordinates"":[]}"
1_2006_11_01,0.657352397734152,2006-11-01,01,11,,2006,"{""type"":""MultiPoint"",""coordinates"":[]}"
1_2006_11_17,0.6911326922754478,2006-11-17,17,11,,2006,"{""type"":""MultiPoint"",""coordinates"":[]}"
1_2006_12_03,0.6672417103233514,2006-12-03,03,12,,2006,"{""type"":""MultiPoint"",""coordinates"":[]}"
1_2006_12_19,0.5271124830468266,2006-12-19,19,12,,2006,"{""type"":""MultiPoint"",""coordinates"":[]}"
1_2007_01_01,0.6701316583668259,2007-01-01,01,01,,2007,"{""type"":""MultiPoint"",""coordinates"":[]}"
1_2007_01_17,0.7719824350030003,2007-01-17,17,01,,2007,"{""type"":""MultiPoint"",""coordinates"":[]}"
1_2007_02_02,0.7894416140496017,2007-02-02,02,02,,2007,"{""type"":""MultiPoint"",""coordinates"":[]}"
1_2007_02_18,0.720209336108128,2007-02-18,18,02,,2007,"{""type"":""MultiPoint"",""coordinates"":[]}"
1_2007_03_06,0.7585243245620217,2007-03-06,06,03,,2007,"{""type"":""MultiPoint"",""coordinates"":[]}"
1_2007_03_22,0.7341395222746486,2007-03-22,22,03,,2007,"{""type"":""MultiPoint"",""coordinates"":[]}"
1_2007_04_07,0.7184066276395696,2007-04-07,07,04,,2007,"{""type"":""MultiPoint"",""coordinates"":[]}"
1_2007_04_23,0.6533321201476164,2007-04-23,23,04,,2007,"{""type"":""MultiPoint"",""coordinates"":[]}"
1_2007_05_09,0.7327034100616555,2007-05-09,09,05,,2007,"{""type"":""MultiPoint"",""coordinates"":[]}"
1_2007_05_25,0.7534280699667195,2007-05-25,25,05,,2007,"{""type"":""MultiPoint"",""coordinates"":[]}"
1_2007_06_10,0.7363274188783149,2007-06-10,10,06,,2007,"{""type"":""MultiPoint"",""coordinates"":[]}"
1_2007_06_26,0.7770490263130294,2007-06-26,26,06,,2007,"{""type"":""MultiPoint"",""coordinates"":[]}"
1_2007_07_12,0.7300165044637884,2007-07-12,12,07,,2007,"{""type"":""MultiPoint"",""coordinates"":[]}"
1_2007_07_28,0.7656978470657582,2007-07-28,28,07,,2007,"{""type"":""MultiPoint"",""coordinates"":[]}"
1_2007_08_13,0.7271855999804162,2007-08-13,13,08,,2007,"{""type"":""MultiPoint"",""coordinates"":[]}"
1_2007_08_29,0.622723604900581,2007-08-29,29,08,,2007,"{""type"":""MultiPoint"",""coordinates"":[]}"
1_2007_09_14,0.7549553461505754,2007-09-14,14,09,,2007,"{""type"":""MultiPoint"",""coordinates"":[]}"
1_2007_09_30,0.5542653648509811,2007-09-30,30,09,,2007,"{""type"":""MultiPoint"",""coordinates"":[]}"
1_2007_10_16,0.7478862900828732,2007-10-16,16,10,,2007,"{""type"":""MultiPoint"",""coordinates"":[]}"
1_2007_11_01,0.6730487327314072,2007-11-01,01,11,,2007,"{""type"":""MultiPoint"",""coordinates"":[]}"
1_2007_11_17,0.7493024451104165,2007-11-17,17,11,,2007,"{""type"":""MultiPoint"",""coordinates"":[]}"
1_2007_12_03,0.682383935953392,2007-12-03,03,12,,2007,"{""type"":""MultiPoint"",""coordinates"":[]}"
1_2007_12_19,0.7594272573433157,2007-12-19,19,12,,2007,"{""type"":""MultiPoint"",""coordinates"":[]}"
1_2008_01_01,0.7448735758982643,2008-01-01,01,01,,2008,"{""type"":""MultiPoint"",""coordinates"":[]}"
1_2008_01_17,0.6906831232478855,2008-01-17,17,01,,2008,"{""type"":""MultiPoint"",""coordinates"":[]}"
1_2008_02_02,0.7438851395403013,2008-02-02,02,02,,2008,"{""type"":""MultiPoint"",""coordinates"":[]}"
1_2008_02_18,0.6439188570066372,2008-02-18,18,02,,2008,"{""type"":""MultiPoint"",""coordinates"":[]}"
1_2008_03_05,0.6344864870784499,2008-03-05,05,03,,2008,"{""type"":""MultiPoint"",""coordinates"":[]}"
1_2008_03_21,0.7740146690261221,2008-03-21,21,03,,2008,"{""type"":""MultiPoint"",""coordinates"":[]}"
1_2008_04_06,0.6363401683346125,2008-04-06,06,04,,2008,"{""type"":""MultiPoint"",""coordinates"":[]}"
1_2008_04_22,0.7419599742647779,2008-04-22,22,04,,2008,"{""type"":""MultiPoint"",""coordinates"":[]}"
1_2008_05_08,0.7730740512058254,2008-05-08,08,05,,2008,"{""type"":""MultiPoint"",""coordinates"":[]}"
1_2008_05_24,0.6923701856765359,2008-05-24,24,05,,2008,"{""type"":""MultiPoint"",""coordinates"":[]}"
1_2008_06_09,0.7541211990165549,2008-06-09,09,06,,2008,"{""type"":""MultiPoint"",""coordinates"":[]}"
1_2008_06_25,0.6608974384796896,2008-06-25,25,06,,2008,"{""type"":""MultiPoint"",""coordinates"":[]}"
1_2008_07_11,0.7818646704636005,2008-07-11,11,07,,2008,"{""type"":""MultiPoint"",""coordinates"":[]}"
1_2008_07_27,0.7762892391446413,2008-07-27,27,07,,2008,"{""type"":""MultiPoint"",""coordinates"":[]}"
1_2008_08_12,0.7259197421606586,2008-08-12,12,08,,2008,"{""type"":""MultiPoint"",""coordinates"":[]}"
1_2008_08_28,0.7140110318605764,2008-08-28,28,08,,2008,"{""type"":""MultiPoint"",""coordinates"":[]}"
1_2008_09_13,0.7526059935839499,2008-09-13,13,09,,2008,"{""type"":""MultiPoint"",""coordinates"":[]}"
1_2008_09_29,0.6030962554904511,2008-09-29,29,09,,2008,"{""type"":""MultiPoint"",""coordinates"":[]}"
1_2008_10_15,0.7153089449756606,2008-10-15,15,10,,2008,"{""type"":""MultiPoint"",""coordinates"":[]}"
1_2008_10_31,0.6937600392812608,2008-10-31,31,10,,2008,"{""type"":""MultiPoint"",""coordinates"":[]}"
1_2008_11_16,0.2944277496742849,2008-11-16,16,11,,2008,"{""type"":""MultiPoint"",""coordinates"":[]}"
1_2008_12_02,0.4654537932864618,2008-12-02,02,12,,2008,"{""type"":""MultiPoint"",""coordinates"":[]}"
1_2008_12_18,0.6583884394720914,2008-12-18,18,12,,2008,"{""type"":""MultiPoint"",""coordinates"":[]}"
1_2009_01_01,0.7009277526273495,2009-01-01,01,01,,2009,"{""type"":""MultiPoint"",""coordinates"":[]}"
1_2009_01_17,0.6709585938839039,2009-01-17,17,01,,2009,"{""type"":""MultiPoint"",""coordinates"":[]}"
1_2009_02_02,0.7889846785513001,2009-02-02,02,02,,2009,"{""type"":""MultiPoint"",""coordinates"":[]}"
1_2009_02_18,0.7034537904784353,2009-02-18,18,02,,2009,"{""type"":""MultiPoint"",""coordinates"":[]}"
1_2009_03_06,0.7972396388990002,2009-03-06,06,03,,2009,"{""type"":""MultiPoint"",""coordinates"":[]}"
1_2009_03_22,0.7319489318299933,2009-03-22,22,03,,2009,"{""type"":""MultiPoint"",""coordinates"":[]}"
1_2009_04_07,0.7740464368288034,2009-04-07,07,04,,2009,"{""type"":""MultiPoint"",""coordinates"":[]}"
1_2009_04_23,0.769509758519573,2009-04-23,23,04,,2009,"{""type"":""MultiPoint"",""coordinates"":[]}"
1_2009_05_09,0.7724687522914363,2009-05-09,09,05,,2009,"{""type"":""MultiPoint"",""coordinates"":[]}"
1_2009_05_25,0.7823485757722075,2009-05-25,25,05,,2009,"{""type"":""MultiPoint"",""coordinates"":[]}"
1_2009_06_10,0.7477976975675679,2009-06-10,10,06,,2009,"{""type"":""MultiPoint"",""coordinates"":[]}"
1_2009_06_26,0.7590749876208593,2009-06-26,26,06,,2009,"{""type"":""MultiPoint"",""coordinates"":[]}"
1_2009_07_12,0.7398435722241721,2009-07-12,12,07,,2009,"{""type"":""MultiPoint"",""coordinates"":[]}"
1_2009_07_28,0.7134425307697204,2009-07-28,28,07,,2009,"{""type"":""MultiPoint"",""coordinates"":[]}"
1_2009_08_13,0.718854134653517,2009-08-13,13,08,,2009,"{""type"":""MultiPoint"",""coordinates"":[]}"
1_2009_08_29,0.7639439658413377,2009-08-29,29,08,,2009,"{""type"":""MultiPoint"",""coordinates"":[]}"
1_2009_09_14,0.7144229349270308,2009-09-14,14,09,,2009,"{""type"":""MultiPoint"",""coordinates"":[]}"
1_2009_09_30,0.7477478941422289,2009-09-30,30,09,,2009,"{""type"":""MultiPoint"",""coordinates"":[]}"
1_2009_10_16,0.6728314522642439,2009-10-16,16,10,,2009,"{""type"":""MultiPoint"",""coordinates"":[]}"
1_2009_11_01,0.6470480539384702,2009-11-01,01,11,,2009,"{""type"":""MultiPoint"",""coordinates"":[]}"
1_2009_11_17,0.6533954025650373,2009-11-17,17,11,,2009,"{""type"":""MultiPoint"",""coordinates"":[]}"
1_2009_12_03,0.8020982352973224,2009-12-03,03,12,,2009,"{""type"":""MultiPoint"",""coordinates"":[]}"
1_2009_12_19,0.5907114242527439,2009-12-19,19,12,,2009,"{""type"":""MultiPoint"",""coordinates"":[]}"
1_2010_01_01,0.7478410893648016,2010-01-01,01,01,,2010,"{""type"":""MultiPoint"",""coordinates"":[]}"
1_2010_01_17,0.7511837428818012,2010-01-17,17,01,,2010,"{""type"":""MultiPoint"",""coordinates"":[]}"
1_2010_02_02,0.7747015925618035,2010-02-02,02,02,,2010,"{""type"":""MultiPoint"",""coordinates"":[]}"
1_2010_02_18,0.7460741453329186,2010-02-18,18,02,,2010,"{""type"":""MultiPoint"",""coordinates"":[]}"
1_2010_03_06,0.7264941320229787,2010-03-06,06,03,,2010,"{""type"":""MultiPoint"",""coordinates"":[]}"
1_2010_03_22,0.6890753932338272,2010-03-22,22,03,,2010,"{""type"":""MultiPoint"",""coordinates"":[]}"
1_2010_04_07,0.7175537121193444,2010-04-07,07,04,,2010,"{""type"":""MultiPoint"",""coordinates"":[]}"
1_2010_04_23,0.7711759239895585,2010-04-23,23,04,,2010,"{""type"":""MultiPoint"",""coordinates"":[]}"
1_2010_05_09,0.6517865942856081,2010-05-09,09,05,,2010,"{""type"":""MultiPoint"",""coordinates"":[]}"
1_2010_05_25,0.7571914633242021,2010-05-25,25,05,,2010,"{""type"":""MultiPoint"",""coordinates"":[]}"
1_2010_06_10,0.7773628982881131,2010-06-10,10,06,,2010,"{""type"":""MultiPoint"",""coordinates"":[]}"
1_2010_06_26,0.7283228917637691,2010-06-26,26,06,,2010,"{""type"":""MultiPoint"",""coordinates"":[]}"
1_2010_07_12,0.7977164765609391,2010-07-12,12,07,,2010,"{""type"":""MultiPoint"",""coordinates"":[]}"
1_2010_07_28,0.7498389001647232,2010-07-28,28,07,,2010,"{""type"":""MultiPoint"",""coordinates"":[]}"
1_2010_08_13,0.7624766558148176,2010-08-13,13,08,,2010,"{""type"":""MultiPoint"",""coordinates"":[]}"
1_2010_08_29,0.7401546418077865,2010-08-29,29,08,,2010,"{""type"":""MultiPoint"",""coordinates"":[]}"
1_2010_09_14,0.6950577140819533,2010-09-14,14,09,,2010,"{""type"":""MultiPoint"",""coordinates"":[]}"
1_2010_09_30,0.7564883252359523,2010-09-30,30,09,,2010,"{""type"":""MultiPoint"",""coordinates"":[]}"
1_2010_10_16,0.6834550850215918,2010-10-16,16,10,,2010,"{""type"":""MultiPoint"",""coordinates"":[]}"
1_2010_11_01,0.39388931112527636,2010-11-01,01,11,,2010,"{""type"":""MultiPoint"",""coordinates"":[]}"
1_2010_11_17,0.5221124656585555,2010-11-17,17,11,,2010,"{""type"":""MultiPoint"",""coordinates"":[]}"
1_2010_12_03,0.6679882395606861,2010-12-03,03,12,,2010,"{""type"":""MultiPoint"",""coordinates"":[]}"
1_2010_12_19,0.6197879476147982,2010-12-19,19,12,,2010,"{""type"":""MultiPoint"",""coordinates"":[]}"
1_2011_01_01,0.7378617450734711,2011-01-01,01,01,,2011,"{""type"":""MultiPoint"",""coordinates"":[]}"
1_2011_01_17,0.7486041136455768,2011-01-17,17,01,,2011,"{""type"":""MultiPoint"",""coordinates"":[]}"
1_2011_02_02,0.7446872621263159,2011-02-02,02,02,,2011,"{""type"":""MultiPoint"",""coordinates"":[]}"
1_2011_02_18,0.7851113811225272,2011-02-18,18,02,,2011,"{""type"":""MultiPoint"",""coordinates"":[]}"
1_2011_03_06,0.7236190160464849,2011-03-06,06,03,,2011,"{""type"":""MultiPoint"",""coordinates"":[]}"
1_2011_03_22,0.7290036086693459,2011-03-22,22,03,,2011,"{""type"":""MultiPoint"",""coordinates"":[]}"
1_2011_04_07,0.7321934708253198,2011-04-07,07,04,,2011,"{""type"":""MultiPoint"",""coordinates"":[]}"
1_2011_04_23,0.7498981351279205,2011-04-23,23,04,,2011,"{""type"":""MultiPoint"",""coordinates"":[]}"
1_2011_05_09,0.7291263680918881,2011-05-09,09,05,,2011,"{""type"":""MultiPoint"",""coordinates"":[]}"
1_2011_05_25,0.7790230535114051,2011-05-25,25,05,,2011,"{""type"":""MultiPoint"",""coordinates"":[]}"
1_2011_06_10,0.7634353626211013,2011-06-10,10,06,,2011,"{""type"":""MultiPoint"",""coordinates"":[]}"
1_2011_06_26,0.7297278161291594,2011-06-26,26,06,,2011,"{""type"":""MultiPoint"",""coordinates"":[]}"
1_2011_07_12,0.7628979168647173,2011-07-12,12,07,,2011,"{""type"":""MultiPoint"",""coordinates"":[]}"
1_2011_07_28,0.7569527081945606,2011-07-28,28,07,,2011,"{""type"":""MultiPoint"",""coordinates"":[]}"
1_2011_08_13,0.6992914701250404,2011-08-13,13,08,,2011,"{""type"":""MultiPoint"",""coordinates"":[]}"
1_2011_08_29,0.7588584784519324,2011-08-29,29,08,,2011,"{""type"":""MultiPoint"",""coordinates"":[]}"
1_2011_09_14,0.6872917145011146,2011-09-14,14,09,,2011,"{""type"":""MultiPoint"",""coordinates"":[]}"
1_2011_09_30,0.7586521673829137,2011-09-30,30,09,,2011,"{""type"":""MultiPoint"",""coordinates"":[]}"
1_2011_10_16,0.6444891463196768,2011-10-16,16,10,,2011,"{""type"":""MultiPoint"",""coordinates"":[]}"
1_2011_11_01,0.7669070190782957,2011-11-01,01,11,,2011,"{""type"":""MultiPoint"",""coordinates"":[]}"
1_2011_11_17,0.6652210543712186,2011-11-17,17,11,,2011,"{""type"":""MultiPoint"",""coordinates"":[]}"
1_2011_12_03,0.7372677662464048,2011-12-03,03,12,,2011,"{""type"":""MultiPoint"",""coordinates"":[]}"
1_2011_12_19,0.7140809912740996,2011-12-19,19,12,,2011,"{""type"":""MultiPoint"",""coordinates"":[]}"
1_2012_01_01,0.7677054250972554,2012-01-01,01,01,,2012,"{""type"":""MultiPoint"",""coordinates"":[]}"
1_2012_01_17,0.7716505869932294,2012-01-17,17,01,,2012,"{""type"":""MultiPoint"",""coordinates"":[]}"
1_2012_02_02,0.7899349125334643,2012-02-02,02,02,,2012,"{""type"":""MultiPoint"",""coordinates"":[]}"
1_2012_02_18,0.6155067302918936,2012-02-18,18,02,,2012,"{""type"":""MultiPoint"",""coordinates"":[]}"
1_2012_03_05,0.6649408198972472,2012-03-05,05,03,,2012,"{""type"":""MultiPoint"",""coordinates"":[]}"
1_2012_03_21,0.7488811604199131,2012-03-21,21,03,,2012,"{""type"":""MultiPoint"",""coordinates"":[]}"
1_2012_04_06,0.7416337082659118,2012-04-06,06,04,,2012,"{""type"":""MultiPoint"",""coordinates"":[]}"
1_2012_04_22,0.7448901977431321,2012-04-22,22,04,,2012,"{""type"":""MultiPoint"",""coordinates"":[]}"
1_2012_05_08,0.7882532312010535,2012-05-08,08,05,,2012,"{""type"":""MultiPoint"",""coordinates"":[]}"
1_2012_05_24,0.6206488232309199,2012-05-24,24,05,,2012,"{""type"":""MultiPoint"",""coordinates"":[]}"
1_2012_06_09,0.7796211662705936,2012-06-09,09,06,,2012,"{""type"":""MultiPoint"",""coordinates"":[]}"
1_2012_06_25,0.7152065768215895,2012-06-25,25,06,,2012,"{""type"":""MultiPoint"",""coordinates"":[]}"
1_2012_07_11,0.7627883277900747,2012-07-11,11,07,,2012,"{""type"":""MultiPoint"",""coordinates"":[]}"
1_2012_07_27,0.7275998395267936,2012-07-27,27,07,,2012,"{""type"":""MultiPoint"",""coordinates"":[]}"
1_2012_08_12,0.672631067454567,2012-08-12,12,08,,2012,"{""type"":""MultiPoint"",""coordinates"":[]}"
1_2012_08_28,0.7393841315435308,2012-08-28,28,08,,2012,"{""type"":""MultiPoint"",""coordinates"":[]}"
1_2012_09_13,0.6925360849153152,2012-09-13,13,09,,2012,"{""type"":""MultiPoint"",""coordinates"":[]}"
1_2012_09_29,0.7409591470847916,2012-09-29,29,09,,2012,"{""type"":""MultiPoint"",""coordinates"":[]}"
1_2012_10_15,0.5997781404147772,2012-10-15,15,10,,2012,"{""type"":""MultiPoint"",""coordinates"":[]}"
1_2012_10_31,0.5655306064344616,2012-10-31,31,10,,2012,"{""type"":""MultiPoint"",""coordinates"":[]}"
1_2012_11_16,0.7071059348275768,2012-11-16,16,11,,2012,"{""type"":""MultiPoint"",""coordinates"":[]}"
1_2012_12_02,0.7526649133740201,2012-12-02,02,12,,2012,"{""type"":""MultiPoint"",""coordinates"":[]}"
1_2012_12_18,0.7403058738360598,2012-12-18,18,12,,2012,"{""type"":""MultiPoint"",""coordinates"":[]}"
1_2013_01_01,0.8115136943769343,2013-01-01,01,01,,2013,"{""type"":""MultiPoint"",""coordinates"":[]}"
1_2013_01_17,0.750233850542106,2013-01-17,17,01,,2013,"{""type"":""MultiPoint"",""coordinates"":[]}"
1_2013_02_02,0.7699955856030929,2013-02-02,02,02,,2013,"{""type"":""MultiPoint"",""coordinates"":[]}"
1_2013_02_18,0.712961529590106,2013-02-18,18,02,,2013,"{""type"":""MultiPoint"",""coordinates"":[]}"
1_2013_03_06,0.774040059620029,2013-03-06,06,03,,2013,"{""type"":""MultiPoint"",""coordinates"":[]}"
1_2013_03_22,0.6656670575554835,2013-03-22,22,03,,2013,"{""type"":""MultiPoint"",""coordinates"":[]}"
1_2013_04_07,0.7577408278602368,2013-04-07,07,04,,2013,"{""type"":""MultiPoint"",""coordinates"":[]}"
1_2013_04_23,0.7507979052674452,2013-04-23,23,04,,2013,"{""type"":""MultiPoint"",""coordinates"":[]}"
1_2013_05_09,0.7763039398587149,2013-05-09,09,05,,2013,"{""type"":""MultiPoint"",""coordinates"":[]}"
1_2013_05_25,0.769668679932155,2013-05-25,25,05,,2013,"{""type"":""MultiPoint"",""coordinates"":[]}"
1_2013_06_10,0.5640556400634242,2013-06-10,10,06,,2013,"{""type"":""MultiPoint"",""coordinates"":[]}"
1_2013_06_26,0.7766287964123423,2013-06-26,26,06,,2013,"{""type"":""MultiPoint"",""coordinates"":[]}"
1_2013_07_12,0.7955802735054417,2013-07-12,12,07,,2013,"{""type"":""MultiPoint"",""coordinates"":[]}"
1_2013_07_28,0.4888306238387742,2013-07-28,28,07,,2013,"{""type"":""MultiPoint"",""coordinates"":[]}"
1_2013_08_13,0.7302038752520539,2013-08-13,13,08,,2013,"{""type"":""MultiPoint"",""coordinates"":[]}"
1_2013_08_29,0.6286714629344764,2013-08-29,29,08,,2013,"{""type"":""MultiPoint"",""coordinates"":[]}"
1_2013_09_14,0.7422167315348328,2013-09-14,14,09,,2013,"{""type"":""MultiPoint"",""coordinates"":[]}"
1_2013_09_30,0.643956267116242,2013-09-30,30,09,,2013,"{""type"":""MultiPoint"",""coordinates"":[]}"
1_2013_10_16,0.5810439176232064,2013-10-16,16,10,,2013,"{""type"":""MultiPoint"",""coordinates"":[]}"
1_2013_11_01,0.6107336385496732,2013-11-01,01,11,,2013,"{""type"":""MultiPoint"",""coordinates"":[]}"
1_2013_11_17,0.6623782637832187,2013-11-17,17,11,,2013,"{""type"":""MultiPoint"",""coordinates"":[]}"
1_2013_12_03,0.6572216589179024,2013-12-03,03,12,,2013,"{""type"":""MultiPoint"",""coordinates"":[]}"
1_2013_12_19,0.663778879740691,2013-12-19,19,12,,2013,"{""type"":""MultiPoint"",""coordinates"":[]}"
1_2014_01_01,0.7528072536426611,2014-01-01,01,01,,2014,"{""type"":""MultiPoint"",""coordinates"":[]}"
1_2014_01_17,0.7960251441395282,2014-01-17,17,01,,2014,"{""type"":""MultiPoint"",""coordinates"":[]}"
1_2014_02_02,0.7591890998095482,2014-02-02,02,02,,2014,"{""type"":""MultiPoint"",""coordinates"":[]}"
1_2014_02_18,0.7748463940815711,2014-02-18,18,02,,2014,"{""type"":""MultiPoint"",""coordinates"":[]}"
1_2014_03_06,0.7640320080715512,2014-03-06,06,03,,2014,"{""type"":""MultiPoint"",""coordinates"":[]}"
1_2014_03_22,0.7403789199326845,2014-03-22,22,03,,2014,"{""type"":""MultiPoint"",""coordinates"":[]}"
1_2014_04_07,0.7146010502913357,2014-04-07,07,04,,2014,"{""type"":""MultiPoint"",""coordinates"":[]}"
1_2014_04_23,0.642739561718243,2014-04-23,23,04,,2014,"{""type"":""MultiPoint"",""coordinates"":[]}"
1_2014_05_09,0.7231583324683801,2014-05-09,09,05,,2014,"{""type"":""MultiPoint"",""coordinates"":[]}"
1_2014_05_25,0.7533953451193579,2014-05-25,25,05,,2014,"{""type"":""MultiPoint"",""coordinates"":[]}"
1_2014_06_10,0.7176465623933389,2014-06-10,10,06,,2014,"{""type"":""MultiPoint"",""coordinates"":[]}"
1_2014_06_26,0.7149719935215213,2014-06-26,26,06,,2014,"{""type"":""MultiPoint"",""coordinates"":[]}"
1_2014_07_12,0.693887906529249,2014-07-12,12,07,,2014,"{""type"":""MultiPoint"",""coordinates"":[]}"
1_2014_07_28,0.6891200961299816,2014-07-28,28,07,,2014,"{""type"":""MultiPoint"",""coordinates"":[]}"
1_2014_08_13,0.6695295503846218,2014-08-13,13,08,,2014,"{""type"":""MultiPoint"",""coordinates"":[]}"
1_2014_08_29,0.7387995820648009,2014-08-29,29,08,,2014,"{""type"":""MultiPoint"",""coordinates"":[]}"
1_2014_09_14,0.6123533448712343,2014-09-14,14,09,,2014,"{""type"":""MultiPoint"",""coordinates"":[]}"
1_2014_09_30,0.7208692203741436,2014-09-30,30,09,,2014,"{""type"":""MultiPoint"",""coordinates"":[]}"
1_2014_10_16,0.4637452570554206,2014-10-16,16,10,,2014,"{""type"":""MultiPoint"",""coordinates"":[]}"
1_2014_11_01,0.7703413294661358,2014-11-01,01,11,,2014,"{""type"":""MultiPoint"",""coordinates"":[]}"
1_2014_11_17,0.6489632669618737,2014-11-17,17,11,,2014,"{""type"":""MultiPoint"",""coordinates"":[]}"
1_2014_12_03,0.7701336449615815,2014-12-03,03,12,,2014,"{""type"":""MultiPoint"",""coordinates"":[]}"
1_2014_12_19,0.6177165873426181,2014-12-19,19,12,,2014,"{""type"":""MultiPoint"",""coordinates"":[]}"
1_2015_01_01,0.7387611260340091,2015-01-01,01,01,,2015,"{""type"":""MultiPoint"",""coordinates"":[]}"
1_2015_01_17,0.8152388692119225,2015-01-17,17,01,,2015,"{""type"":""MultiPoint"",""coordinates"":[]}"
1_2015_02_02,0.7855307692115927,2015-02-02,02,02,,2015,"{""type"":""MultiPoint"",""coordinates"":[]}"
1_2015_02_18,0.7825965577879082,2015-02-18,18,02,,2015,"{""type"":""MultiPoint"",""coordinates"":[]}"
1_2015_03_06,0.7679300384086337,2015-03-06,06,03,,2015,"{""type"":""MultiPoint"",""coordinates"":[]}"
1_2015_03_22,0.7156434614101708,2015-03-22,22,03,,2015,"{""type"":""MultiPoint"",""coordinates"":[]}"
1_2015_04_07,0.6543373128775619,2015-04-07,07,04,,2015,"{""type"":""MultiPoint"",""coordinates"":[]}"
1_2015_04_23,0.7171057134438107,2015-04-23,23,04,,2015,"{""type"":""MultiPoint"",""coordinates"":[]}"
1_2015_05_09,0.7357730072367156,2015-05-09,09,05,,2015,"{""type"":""MultiPoint"",""coordinates"":[]}"
1_2015_05_25,0.8020033967066874,2015-05-25,25,05,,2015,"{""type"":""MultiPoint"",""coordinates"":[]}"
1_2015_06_10,0.7900931460061894,2015-06-10,10,06,,2015,"{""type"":""MultiPoint"",""coordinates"":[]}"
1_2015_06_26,0.7846436165848003,2015-06-26,26,06,,2015,"{""type"":""MultiPoint"",""coordinates"":[]}"
1_2015_07_12,0.7713996906501007,2015-07-12,12,07,,2015,"{""type"":""MultiPoint"",""coordinates"":[]}"
1_2015_07_28,0.757424617602835,2015-07-28,28,07,,2015,"{""type"":""MultiPoint"",""coordinates"":[]}"
1_2015_08_13,0.7786827466006684,2015-08-13,13,08,,2015,"{""type"":""MultiPoint"",""coordinates"":[]}"
1_2015_08_29,0.7569758486675155,2015-08-29,29,08,,2015,"{""type"":""MultiPoint"",""coordinates"":[]}"
1_2015_09_14,0.7419661201421276,2015-09-14,14,09,,2015,"{""type"":""MultiPoint"",""coordinates"":[]}"
1_2015_09_30,0.7636537605515001,2015-09-30,30,09,,2015,"{""type"":""MultiPoint"",""coordinates"":[]}"
1_2015_10_16,0.5794498917017955,2015-10-16,16,10,,2015,"{""type"":""MultiPoint"",""coordinates"":[]}"
1_2015_11_01,0.6314123637311988,2015-11-01,01,11,,2015,"{""type"":""MultiPoint"",""coordinates"":[]}"
1_2015_11_17,0.6076631923322465,2015-11-17,17,11,,2015,"{""type"":""MultiPoint"",""coordinates"":[]}"
1_2015_12_03,0.7467303586547598,2015-12-03,03,12,,2015,"{""type"":""MultiPoint"",""coordinates"":[]}"
1_2015_12_19,0.7368719206624189,2015-12-19,19,12,,2015,"{""type"":""MultiPoint"",""coordinates"":[]}"
1_2016_01_01,0.7755088696191927,2016-01-01,01,01,,2016,"{""type"":""MultiPoint"",""coordinates"":[]}"
1_2016_01_17,0.759204883586538,2016-01-17,17,01,,2016,"{""type"":""MultiPoint"",""coordinates"":[]}"
1_2016_02_02,0.6297903492977835,2016-02-02,02,02,,2016,"{""type"":""MultiPoint"",""coordinates"":[]}"
1_2016_02_18,0.7741488449640683,2016-02-18,18,02,,2016,"{""type"":""MultiPoint"",""coordinates"":[]}"
1_2016_03_05,0.7249249782569626,2016-03-05,05,03,,2016,"{""type"":""MultiPoint"",""coordinates"":[]}"
1_2016_03_21,0.6741737045226334,2016-03-21,21,03,,2016,"{""type"":""MultiPoint"",""coordinates"":[]}"
1_2016_04_06,0.6924314160962768,2016-04-06,06,04,,2016,"{""type"":""MultiPoint"",""coordinates"":[]}"
1_2016_04_22,0.6862687144893692,2016-04-22,22,04,,2016,"{""type"":""MultiPoint"",""coordinates"":[]}"
1_2016_05_08,0.6189739920496113,2016-05-08,08,05,,2016,"{""type"":""MultiPoint"",""coordinates"":[]}"
1_2016_05_24,0.7638728142230677,2016-05-24,24,05,,2016,"{""type"":""MultiPoint"",""coordinates"":[]}"
1_2016_06_09,0.8049718694258715,2016-06-09,09,06,,2016,"{""type"":""MultiPoint"",""coordinates"":[]}"
1_2016_06_25,0.7747041171482029,2016-06-25,25,06,,2016,"{""type"":""MultiPoint"",""coordinates"":[]}"
1_2016_07_11,0.5756636301670792,2016-07-11,11,07,,2016,"{""type"":""MultiPoint"",""coordinates"":[]}"
1_2016_07_27,0.7603072406972626,2016-07-27,27,07,,2016,"{""type"":""MultiPoint"",""coordinates"":[]}"
1_2016_08_12,0.5575297678433895,2016-08-12,12,08,,2016,"{""type"":""MultiPoint"",""coordinates"":[]}"
1_2016_08_28,0.6852544145193598,2016-08-28,28,08,,2016,"{""type"":""MultiPoint"",""coordinates"":[]}"
1_2016_09_13,0.7088838861108654,2016-09-13,13,09,,2016,"{""type"":""MultiPoint"",""coordinates"":[]}"
1_2016_09_29,0.6937255198222748,2016-09-29,29,09,,2016,"{""type"":""MultiPoint"",""coordinates"":[]}"
1_2016_10_15,0.411829758428062,2016-10-15,15,10,,2016,"{""type"":""MultiPoint"",""coordinates"":[]}"
1_2016_10_31,0.6447651740538508,2016-10-31,31,10,,2016,"{""type"":""MultiPoint"",""coordinates"":[]}"
1_2016_11_16,0.5148323715756185,2016-11-16,16,11,,2016,"{""type"":""MultiPoint"",""coordinates"":[]}"
1_2016_12_02,0.7684480412740614,2016-12-02,02,12,,2016,"{""type"":""MultiPoint"",""coordinates"":[]}"
1_2016_12_18,0.5950361873765886,2016-12-18,18,12,,2016,"{""type"":""MultiPoint"",""coordinates"":[]}"
1_2017_01_01,0.8006228709194355,2017-01-01,01,01,,2017,"{""type"":""MultiPoint"",""coordinates"":[]}"
1_2017_01_17,0.7021751784456459,2017-01-17,17,01,,2017,"{""type"":""MultiPoint"",""coordinates"":[]}"
1_2017_02_02,0.7744485341693249,2017-02-02,02,02,,2017,"{""type"":""MultiPoint"",""coordinates"":[]}"
1_2017_02_18,0.6614768715967325,2017-02-18,18,02,,2017,"{""type"":""MultiPoint"",""coordinates"":[]}"
1_2017_03_06,0.7577159387320751,2017-03-06,06,03,,2017,"{""type"":""MultiPoint"",""coordinates"":[]}"
1_2017_03_22,0.729482708073019,2017-03-22,22,03,,2017,"{""type"":""MultiPoint"",""coordinates"":[]}"
1_2017_04_07,0.7183046844745415,2017-04-07,07,04,,2017,"{""type"":""MultiPoint"",""coordinates"":[]}"
1_2017_04_23,0.6693404663852537,2017-04-23,23,04,,2017,"{""type"":""MultiPoint"",""coordinates"":[]}"
1_2017_05_09,0.720584881606399,2017-05-09,09,05,,2017,"{""type"":""MultiPoint"",""coordinates"":[]}"
1_2017_05_25,0.778330280504152,2017-05-25,25,05,,2017,"{""type"":""MultiPoint"",""coordinates"":[]}"
1_2017_06_10,0.7916055081830329,2017-06-10,10,06,,2017,"{""type"":""MultiPoint"",""coordinates"":[]}"
1_2017_06_26,0.7800704703099026,2017-06-26,26,06,,2017,"{""type"":""MultiPoint"",""coordinates"":[]}"
1_2017_07_12,0.7768472183791154,2017-07-12,12,07,,2017,"{""type"":""MultiPoint"",""coordinates"":[]}"
1_2017_07_28,0.5685073910453983,2017-07-28,28,07,,2017,"{""type"":""MultiPoint"",""coordinates"":[]}"
1_2017_08_13,0.7740251609672011,2017-08-13,13,08,,2017,"{""type"":""MultiPoint"",""coordinates"":[]}"
1_2017_08_29,0.7158468634752372,2017-08-29,29,08,,2017,"{""type"":""MultiPoint"",""coordinates"":[]}"
1_2017_09_14,0.7237491225951319,2017-09-14,14,09,,2017,"{""type"":""MultiPoint"",""coordinates"":[]}"
1_2017_09_30,0.7278340099482052,2017-09-30,30,09,,2017,"{""type"":""MultiPoint"",""coordinates"":[]}"
1_2017_10_16,0.7883974530885749,2017-10-16,16,10,,2017,"{""type"":""MultiPoint"",""coordinates"":[]}"
1_2017_11_01,0.5901672176453843,2017-11-01,01,11,,2017,"{""type"":""MultiPoint"",""coordinates"":[]}"
1_2017_11_17,0.5607676517810224,2017-11-17,17,11,,2017,"{""type"":""MultiPoint"",""coordinates"":[]}"
1_2017_12_03,0.7533490535393079,2017-12-03,03,12,,2017,"{""type"":""MultiPoint"",""coordinates"":[]}"
1_2017_12_19,0.7172407582166477,2017-12-19,19,12,,2017,"{""type"":""MultiPoint"",""coordinates"":[]}"
1_2018_01_01,0.7981137831426867,2018-01-01,01,01,,2018,"{""type"":""MultiPoint"",""coordinates"":[]}"
1_2018_01_17,0.7299935509769969,2018-01-17,17,01,,2018,"{""type"":""MultiPoint"",""coordinates"":[]}"
1_2018_02_02,0.8047692462651826,2018-02-02,02,02,,2018,"{""type"":""MultiPoint"",""coordinates"":[]}"
1_2018_02_18,0.7353754635463599,2018-02-18,18,02,,2018,"{""type"":""MultiPoint"",""coordinates"":[]}"
1_2018_03_06,0.770315189633701,2018-03-06,06,03,,2018,"{""type"":""MultiPoint"",""coordinates"":[]}"
1_2018_03_22,0.704520733648901,2018-03-22,22,03,,2018,"{""type"":""MultiPoint"",""coordinates"":[]}"
1_2018_04_07,0.6108209603679022,2018-04-07,07,04,,2018,"{""type"":""MultiPoint"",""coordinates"":[]}"
1_2018_04_23,0.7684562509332721,2018-04-23,23,04,,2018,"{""type"":""MultiPoint"",""coordinates"":[]}"
1_2018_05_09,0.651988991855664,2018-05-09,09,05,,2018,"{""type"":""MultiPoint"",""coordinates"":[]}"
1_2018_05_25,0.7722051530216875,2018-05-25,25,05,,2018,"{""type"":""MultiPoint"",""coordinates"":[]}"
1_2018_06_10,0.7726396259486491,2018-06-10,10,06,,2018,"{""type"":""MultiPoint"",""coordinates"":[]}"
1_2018_06_26,0.7703139678095472,2018-06-26,26,06,,2018,"{""type"":""MultiPoint"",""coordinates"":[]}"
1_2018_07_12,0.7586932749154875,2018-07-12,12,07,,2018,"{""type"":""MultiPoint"",""coordinates"":[]}"
1_2018_07_28,0.7174077276120364,2018-07-28,28,07,,2018,"{""type"":""MultiPoint"",""coordinates"":[]}"
1_2018_08_13,0.6431409994679701,2018-08-13,13,08,,2018,"{""type"":""MultiPoint"",""coordinates"":[]}"
1_2018_08_29,0.7217262953292687,2018-08-29,29,08,,2018,"{""type"":""MultiPoint"",""coordinates"":[]}"
1_2018_09_14,0.7200589814385899,2018-09-14,14,09,,2018,"{""type"":""MultiPoint"",""coordinates"":[]}"
1_2018_09_30,0.5399151433246882,2018-09-30,30,09,,2018,"{""type"":""MultiPoint"",""coordinates"":[]}"
1_2018_10_16,0.7416224677154293,2018-10-16,16,10,,2018,"{""type"":""MultiPoint"",""coordinates"":[]}"
1_2018_11_01,0.48847766359966277,2018-11-01,01,11,,2018,"{""type"":""MultiPoint"",""coordinates"":[]}"
1_2018_11_17,0.7127174692889912,2018-11-17,17,11,,2018,"{""type"":""MultiPoint"",""coordinates"":[]}"
1_2018_12_03,0.6476977812560342,2018-12-03,03,12,,2018,"{""type"":""MultiPoint"",""coordinates"":[]}"
1_2018_12_19,0.7626552046669158,2018-12-19,19,12,,2018,"{""type"":""MultiPoint"",""coordinates"":[]}"
1_2019_01_01,0.8065196445424628,2019-01-01,01,01,,2019,"{""type"":""MultiPoint"",""coordinates"":[]}"
1_2019_01_17,0.7659749924506252,2019-01-17,17,01,,2019,"{""type"":""MultiPoint"",""coordinates"":[]}"
1_2019_02_02,0.8033806777524121,2019-02-02,02,02,,2019,"{""type"":""MultiPoint"",""coordinates"":[]}"
1_2019_02_18,0.7608847837425027,2019-02-18,18,02,,2019,"{""type"":""MultiPoint"",""coordinates"":[]}"
1_2019_03_06,0.7858761162716975,2019-03-06,06,03,,2019,"{""type"":""MultiPoint"",""coordinates"":[]}"
1_2019_03_22,0.7887419172288811,2019-03-22,22,03,,2019,"{""type"":""MultiPoint"",""coordinates"":[]}"
1_2019_04_07,0.733845200447623,2019-04-07,07,04,,2019,"{""type"":""MultiPoint"",""coordinates"":[]}"
1_2019_04_23,0.7900472723316087,2019-04-23,23,04,,2019,"{""type"":""MultiPoint"",""coordinates"":[]}"
1_2019_05_09,0.7785671674903356,2019-05-09,09,05,,2019,"{""type"":""MultiPoint"",""coordinates"":[]}"
1_2019_05_25,0.6195340264930637,2019-05-25,25,05,,2019,"{""type"":""MultiPoint"",""coordinates"":[]}"
1_2019_06_10,0.7912916207801554,2019-06-10,10,06,,2019,"{""type"":""MultiPoint"",""coordinates"":[]}"
1_2019_06_26,0.8016579807772136,2019-06-26,26,06,,2019,"{""type"":""MultiPoint"",""coordinates"":[]}"
1_2019_07_12,0.7768403815013476,2019-07-12,12,07,,2019,"{""type"":""MultiPoint"",""coordinates"":[]}"
1_2019_07_28,0.7899799099047495,2019-07-28,28,07,,2019,"{""type"":""MultiPoint"",""coordinates"":[]}"
1_2019_08_13,0.7457374603580254,2019-08-13,13,08,,2019,"{""type"":""MultiPoint"",""coordinates"":[]}"
1_2019_08_29,0.7521439824775417,2019-08-29,29,08,,2019,"{""type"":""MultiPoint"",""coordinates"":[]}"
1_2019_09_14,0.5007934365789655,2019-09-14,14,09,,2019,"{""type"":""MultiPoint"",""coordinates"":[]}"
1_2019_09_30,0.4823753685215013,2019-09-30,30,09,,2019,"{""type"":""MultiPoint"",""coordinates"":[]}"
1_2019_10_16,0.6313248439530221,2019-10-16,16,10,,2019,"{""type"":""MultiPoint"",""coordinates"":[]}"
1_2019_11_01,0.7423169702889225,2019-11-01,01,11,,2019,"{""type"":""MultiPoint"",""coordinates"":[]}"
1_2019_11_17,0.6739718401032143,2019-11-17,17,11,,2019,"{""type"":""MultiPoint"",""coordinates"":[]}"
1_2019_12_03,0.5850989750742799,2019-12-03,03,12,,2019,"{""type"":""MultiPoint"",""coordinates"":[]}"
1_2019_12_19,0.7468129828985978,2019-12-19,19,12,,2019,"{""type"":""MultiPoint"",""coordinates"":[]}"
1_2020_01_01,0.7308706241086336,2020-01-01,01,01,,2020,"{""type"":""MultiPoint"",""coordinates"":[]}"
1_2020_01_17,0.7199166627332783,2020-01-17,17,01,,2020,"{""type"":""MultiPoint"",""coordinates"":[]}"
1_2020_02_02,0.7301450090047021,2020-02-02,02,02,,2020,"{""type"":""MultiPoint"",""coordinates"":[]}"
1_2020_02_18,0.702992943632655,2020-02-18,18,02,,2020,"{""type"":""MultiPoint"",""coordinates"":[]}"
1_2020_03_05,0.7525792553152587,2020-03-05,05,03,,2020,"{""type"":""MultiPoint"",""coordinates"":[]}"
1_2020_03_21,0.6918366443463797,2020-03-21,21,03,,2020,"{""type"":""MultiPoint"",""coordinates"":[]}"
1_2020_04_06,0.714600519428755,2020-04-06,06,04,,2020,"{""type"":""MultiPoint"",""coordinates"":[]}"
1_2020_04_22,0.6831131320962598,2020-04-22,22,04,,2020,"{""type"":""MultiPoint"",""coordinates"":[]}"
1_2020_05_08,0.7282204322795417,2020-05-08,08,05,,2020,"{""type"":""MultiPoint"",""coordinates"":[]}"
1_2020_05_24,0.769428150781948,2020-05-24,24,05,,2020,"{""type"":""MultiPoint"",""coordinates"":[]}"
1_2020_06_09,0.7837584439484498,2020-06-09,09,06,,2020,"{""type"":""MultiPoint"",""coordinates"":[]}"
1_2020_06_25,0.7763984293376908,2020-06-25,25,06,,2020,"{""type"":""MultiPoint"",""coordinates"":[]}"
1_2020_07_11,0.7314181140412748,2020-07-11,11,07,,2020,"{""type"":""MultiPoint"",""coordinates"":[]}"
1_2020_07_27,0.756578453319913,2020-07-27,27,07,,2020,"{""type"":""MultiPoint"",""coordinates"":[]}"
1_2020_08_12,0.764853857959935,2020-08-12,12,08,,2020,"{""type"":""MultiPoint"",""coordinates"":[]}"
1_2020_08_28,0.7039586284867138,2020-08-28,28,08,,2020,"{""type"":""MultiPoint"",""coordinates"":[]}"
1_2020_09_13,0.7281823922728613,2020-09-13,13,09,,2020,"{""type"":""MultiPoint"",""coordinates"":[]}"
1_2020_09_29,0.7001603815114273,2020-09-29,29,09,,2020,"{""type"":""MultiPoint"",""coordinates"":[]}"
1_2020_10_15,0.6531815768178886,2020-10-15,15,10,,2020,"{""type"":""MultiPoint"",""coordinates"":[]}"
1_2020_10_31,0.6660547808201034,2020-10-31,31,10,,2020,"{""type"":""MultiPoint"",""coordinates"":[]}"
1_2020_11_16,0.631443125329243,2020-11-16,16,11,,2020,"{""type"":""MultiPoint"",""coordinates"":[]}"
1_2020_12_02,0.5586128279777377,2020-12-02,02,12,,2020,"{""type"":""MultiPoint"",""coordinates"":[]}"
1_2020_12_18,0.7473303053446835,2020-12-18,18,12,,2020,"{""type"":""MultiPoint"",""coordinates"":[]}"
1_2021_01_01,0.6098419618714824,2021-01-01,01,01,,2021,"{""type"":""MultiPoint"",""coordinates"":[]}"
1_2021_01_17,0.7777290408134168,2021-01-17,17,01,,2021,"{""type"":""MultiPoint"",""coordinates"":[]}"
1_2021_02_02,0.7751176087681851,2021-02-02,02,02,,2021,"{""type"":""MultiPoint"",""coordinates"":[]}"
1_2021_02_18,0.7895168149712721,2021-02-18,18,02,,2021,"{""type"":""MultiPoint"",""coordinates"":[]}"
1_2021_03_06,0.7424178404320215,2021-03-06,06,03,,2021,"{""type"":""MultiPoint"",""coordinates"":[]}"
1_2021_03_22,0.6343942137132094,2021-03-22,22,03,,2021,"{""type"":""MultiPoint"",""coordinates"":[]}"
1_2021_04_07,0.7798341093470411,2021-04-07,07,04,,2021,"{""type"":""MultiPoint"",""coordinates"":[]}"
1_2021_04_23,0.7885363509982509,2021-04-23,23,04,,2021,"{""type"":""MultiPoint"",""coordinates"":[]}"
1_2021_05_09,0.687352319909213,2021-05-09,09,05,,2021,"{""type"":""MultiPoint"",""coordinates"":[]}"
1_2021_05_25,0.5593954659003372,2021-05-25,25,05,,2021,"{""type"":""MultiPoint"",""coordinates"":[]}"
1_2021_06_10,0.822256003335923,2021-06-10,10,06,,2021,"{""type"":""MultiPoint"",""coordinates"":[]}"
1_2021_06_26,0.7828588925425691,2021-06-26,26,06,,2021,"{""type"":""MultiPoint"",""coordinates"":[]}"
1_2021_07_12,0.8219303392576617,2021-07-12,12,07,,2021,"{""type"":""MultiPoint"",""coordinates"":[]}"
1_2021_07_28,0.7576683533958318,2021-07-28,28,07,,2021,"{""type"":""MultiPoint"",""coordinates"":[]}"
1_2021_08_13,0.6288026123503544,2021-08-13,13,08,,2021,"{""type"":""MultiPoint"",""coordinates"":[]}"
1_2021_08_29,0.7561135133488271,2021-08-29,29,08,,2021,"{""type"":""MultiPoint"",""coordinates"":[]}"
1_2021_09_14,0.779016954310067,2021-09-14,14,09,,2021,"{""type"":""MultiPoint"",""coordinates"":[]}"
1_2021_09_30,0.7880066410763422,2021-09-30,30,09,,2021,"{""type"":""MultiPoint"",""coordinates"":[]}"
1_2021_10_16,0.6665535813751501,2021-10-16,16,10,,2021,"{""type"":""MultiPoint"",""coordinates"":[]}"
1_2021_11_01,0.603814549908608,2021-11-01,01,11,,2021,"{""type"":""MultiPoint"",""coordinates"":[]}"
1_2021_11_17,0.6644767129705794,2021-11-17,17,11,,2021,"{""type"":""MultiPoint"",""coordinates"":[]}"
1_2021_12_03,0.7530253433563423,2021-12-03,03,12,,2021,"{""type"":""MultiPoint"",""coordinates"":[]}"
1_2021_12_19,0.7744895628654973,2021-12-19,19,12,,2021,"{""type"":""MultiPoint"",""coordinates"":[]}"
1_2022_01_01,0.7747341166012799,2022-01-01,01,01,,2022,"{""type"":""MultiPoint"",""coordinates"":[]}"
1_2022_01_17,0.8022851688305698,2022-01-17,17,01,,2022,"{""type"":""MultiPoint"",""coordinates"":[]}"
1_2022_02_02,0.7071403336364667,2022-02-02,02,02,,2022,"{""type"":""MultiPoint"",""coordinates"":[]}"
1_2022_02_18,0.7513379825902284,2022-02-18,18,02,,2022,"{""type"":""MultiPoint"",""coordinates"":[]}"
1_2022_03_06,0.7867842109389532,2022-03-06,06,03,,2022,"{""type"":""MultiPoint"",""coordinates"":[]}"
1_2022_03_22,0.7875624415643518,2022-03-22,22,03,,2022,"{""type"":""MultiPoint"",""coordinates"":[]}"
1_2022_04_07,0.7779462717984386,2022-04-07,07,04,,2022,"{""type"":""MultiPoint"",""coordinates"":[]}"
1_2022_04_23,0.7320602557635032,2022-04-23,23,04,,2022,"{""type"":""MultiPoint"",""coordinates"":[]}"
1_2022_05_09,0.7565585174963511,2022-05-09,09,05,,2022,"{""type"":""MultiPoint"",""coordinates"":[]}"
1_2022_05_25,0.7327073629465509,2022-05-25,25,05,,2022,"{""type"":""MultiPoint"",""coordinates"":[]}"
1_2022_06_10,0.8011439630052342,2022-06-10,10,06,,2022,"{""type"":""MultiPoint"",""coordinates"":[]}"
1_2022_06_26,0.7877309635738008,2022-06-26,26,06,,2022,"{""type"":""MultiPoint"",""coordinates"":[]}"
1_2022_07_12,0.706147083972316,2022-07-12,12,07,,2022,"{""type"":""MultiPoint"",""coordinates"":[]}"
1_2022_07_28,0.7614627951247958,2022-07-28,28,07,,2022,"{""type"":""MultiPoint"",""coordinates"":[]}"
1_2022_08_13,0.7364587510299424,2022-08-13,13,08,,2022,"{""type"":""MultiPoint"",""coordinates"":[]}"
1_2022_08_29,0.7702969224904938,2022-08-29,29,08,,2022,"{""type"":""MultiPoint"",""coordinates"":[]}"
1_2022_09_14,0.7547502145727084,2022-09-14,14,09,,2022,"{""type"":""MultiPoint"",""coordinates"":[]}"
1_2022_09_30,0.6841103630779082,2022-09-30,30,09,,2022,"{""type"":""MultiPoint"",""coordinates"":[]}"
1_2022_10_16,0.3516897112418692,2022-10-16,16,10,,2022,"{""type"":""MultiPoint"",""coordinates"":[]}"
1_2022_11_01,0.5862877464900679,2022-11-01,01,11,,2022,"{""type"":""MultiPoint"",""coordinates"":[]}"
1_2022_11_17,0.7671599423846621,2022-11-17,17,11,,2022,"{""type"":""MultiPoint"",""coordinates"":[]}"
1_2022_12_03,0.49626128345287956,2022-12-03,03,12,,2022,"{""type"":""MultiPoint"",""coordinates"":[]}"
1_2022_12_19,0.7604219679270415,2022-12-19,19,12,,2022,"{""type"":""MultiPoint"",""coordinates"":[]}"
1_2023_01_01,0.700731185971076,2023-01-01,01,01,,2023,"{""type"":""MultiPoint"",""coordinates"":[]}"
1_2023_01_17,0.7984447148244592,2023-01-17,17,01,,2023,"{""type"":""MultiPoint"",""coordinates"":[]}"
1_2023_02_02,0.6261962512030591,2023-02-02,02,02,,2023,"{""type"":""MultiPoint"",""coordinates"":[]}"
1_2023_02_18,0.7655461259412377,2023-02-18,18,02,,2023,"{""type"":""MultiPoint"",""coordinates"":[]}"
1_2023_03_06,0.7776555686464052,2023-03-06,06,03,,2023,"{""type"":""MultiPoint"",""coordinates"":[]}"
1_2023_03_22,0.7659127650987317,2023-03-22,22,03,,2023,"{""type"":""MultiPoint"",""coordinates"":[]}"
1_2023_04_07,0.7252189275472162,2023-04-07,07,04,,2023,"{""type"":""MultiPoint"",""coordinates"":[]}"
1_2023_04_23,0.6602240496866886,2023-04-23,23,04,,2023,"{""type"":""MultiPoint"",""coordinates"":[]}"
1_2023_05_09,0.7872931774197393,2023-05-09,09,05,,2023,"{""type"":""MultiPoint"",""coordinates"":[]}"
1_2023_05_25,0.7756833676543392,2023-05-25,25,05,,2023,"{""type"":""MultiPoint"",""coordinates"":[]}"
1_2023_06_10,0.7852844502040859,2023-06-10,10,06,,2023,"{""type"":""MultiPoint"",""coordinates"":[]}"
1_2023_06_26,0.77291117379883,2023-06-26,26,06,,2023,"{""type"":""MultiPoint"",""coordinates"":[]}"
1_2023_07_12,0.7508138983041487,2023-07-12,12,07,,2023,"{""type"":""MultiPoint"",""coordinates"":[]}"
1_2023_07_28,0.7628221984873454,2023-07-28,28,07,,2023,"{""type"":""MultiPoint"",""coordinates"":[]}"
1_2023_08_13,0.7828542381712144,2023-08-13,13,08,,2023,"{""type"":""MultiPoint"",""coordinates"":[]}"
1_2023_08_29,0.7145351286269099,2023-08-29,29,08,,2023,"{""type"":""MultiPoint"",""coordinates"":[]}"
1_2023_09_14,0.7241680808792043,2023-09-14,14,09,,2023,"{""type"":""MultiPoint"",""coordinates"":[]}"
1_2023_09_30,0.7247614906081485,2023-09-30,30,09,,2023,"{""type"":""MultiPoint"",""coordinates"":[]}"
1_2023_10_16,0.7251456699055187,2023-10-16,16,10,,2023,"{""type"":""MultiPoint"",""coordinates"":[]}"
1_2023_11_01,0.6265547515914448,2023-11-01,01,11,,2023,"{""type"":""MultiPoint"",""coordinates"":[]}"
1_2023_11_17,0.590021820974995,2023-11-17,17,11,,2023,"{""type"":""MultiPoint"",""coordinates"":[]}"
1_2023_12_03,0.544241217125947,2023-12-03,03,12,,2023,"{""type"":""MultiPoint"",""coordinates"":[]}"
1_2023_12_19,0.6410195508297216,2023-12-19,19,12,,2023,"{""type"":""MultiPoint"",""coordinates"":[]}"
1_2024_01_01,0.7385151668445824,2024-01-01,01,01,,2024,"{""type"":""MultiPoint"",""coordinates"":[]}"
1_2024_01_17,0.7852168208379456,2024-01-17,17,01,,2024,"{""type"":""MultiPoint"",""coordinates"":[]}"
1_2024_02_02,0.7555944390160996,2024-02-02,02,02,,2024,"{""type"":""MultiPoint"",""coordinates"":[]}"
1_2024_02_18,0.740831709151952,2024-02-18,18,02,,2024,"{""type"":""MultiPoint"",""coordinates"":[]}"
1_2024_03_05,0.7813082029547814,2024-03-05,05,03,,2024,"{""type"":""MultiPoint"",""coordinates"":[]}"
1_2024_03_21,0.7602668790465946,2024-03-21,21,03,,2024,"{""type"":""MultiPoint"",""coordinates"":[]}"
1_2024_04_06,0.7489474106406836,2024-04-06,06,04,,2024,"{""type"":""MultiPoint"",""coordinates"":[]}"
1_2024_04_22,0.7203546177730382,2024-04-22,22,04,,2024,"{""type"":""MultiPoint"",""coordinates"":[]}"
1_2024_05_08,0.525262904440766,2024-05-08,08,05,,2024,"{""type"":""MultiPoint"",""coordinates"":[]}"
1_2024_05_24,0.7821158972749953,2024-05-24,24,05,,2024,"{""type"":""MultiPoint"",""coordinates"":[]}"
1_2024_06_09,0.7753511735263765,2024-06-09,09,06,,2024,"{""type"":""MultiPoint"",""coordinates"":[]}"
1_2024_06_25,0.8056814915991724,2024-06-25,25,06,,2024,"{""type"":""MultiPoint"",""coordinates"":[]}"
1_2024_07_11,0.7841558455706411,2024-07-11,11,07,,2024,"{""type"":""MultiPoint"",""coordinates"":[]}"
1_2024_07_27,0.7297816114099283,2024-07-27,27,07,,2024,"{""type"":""MultiPoint"",""coordinates"":[]}"
1_2024_08_12,0.7536760451174251,2024-08-12,12,08,,2024,"{""type"":""MultiPoint"",""coordinates"":[]}"
1_2024_08_28,0.8012061867735787,2024-08-28,28,08,,2024,"{""type"":""MultiPoint"",""coordinates"":[]}"
1_2024_09_13,0.7579326257326094,2024-09-13,13,09,,2024,"{""type"":""MultiPoint"",""coordinates"":[]}"
1_2024_09_29,0.6973208959363293,2024-09-29,29,09,,2024,"{""type"":""MultiPoint"",""coordinates"":[]}"
1_2024_10_15,0.8323131347674538,2024-10-15,15,10,,2024,"{""type"":""MultiPoint"",""coordinates"":[]}"
1_2024_10_31,0.7833101651002086,2024-10-31,31,10,,2024,"{""type"":""MultiPoint"",""coordinates"":[]}"
1_2024_11_16,0.6495308795524064,2024-11-16,16,11,,2024,"{""type"":""MultiPoint"",""coordinates"":[]}"
1_2024_12_02,0.7492231085139381,2024-12-02,02,12,,2024,"{""type"":""MultiPoint"",""coordinates"":[]}"
1_2024_12_18,0.7602993241491163,2024-12-18,18,12,,2024,"{""type"":""MultiPoint"",""coordinates"":[]}"
1_2025_01_01,0.8100323939227946,2025-01-01,01,01,,2025,"{""type"":""MultiPoint"",""coordinates"":[]}"
1_2025_01_17,0.7638626293686205,2025-01-17,17,01,,2025,"{""type"":""MultiPoint"",""coordinates"":[]}"
1_2025_02_02,0.7936606930838046,2025-02-02,02,02,,2025,"{""type"":""MultiPoint"",""coordinates"":[]}"
1_2025_02_18,0.7905144251104328,2025-02-18,18,02,,2025,"{""type"":""MultiPoint"",""coordinates"":[]}"
1_2025_03_06,0.7539966610204468,2025-03-06,06,03,,2025,"{""type"":""MultiPoint"",""coordinates"":[]}"
1_2025_03_22,0.7429195561809211,2025-03-22,22,03,,2025,"{""type"":""MultiPoint"",""coordinates"":[]}"
1_2025_04_07,0.7749310173223923,2025-04-07,07,04,,2025,"{""type"":""MultiPoint"",""coordinates"":[]}"
2_2005_01_09,0.6196530711207882,2005-01-09,09,01,,2005,"{""type"":""MultiPoint"",""coordinates"":[]}"
2_2005_01_25,0.787481882863614,2005-01-25,25,01,,2005,"{""type"":""MultiPoint"",""coordinates"":[]}"
2_2005_02_10,0.734788032370744,2005-02-10,10,02,,2005,"{""type"":""MultiPoint"",""coordinates"":[]}"
2_2005_02_26,0.6347087526278168,2005-02-26,26,02,,2005,"{""type"":""MultiPoint"",""coordinates"":[]}"
2_2005_03_14,0.5109552292380279,2005-03-14,14,03,,2005,"{""type"":""MultiPoint"",""coordinates"":[]}"
2_2005_03_30,0.7041219530602105,2005-03-30,30,03,,2005,"{""type"":""MultiPoint"",""coordinates"":[]}"
2_2005_04_15,0.6999535865182173,2005-04-15,15,04,,2005,"{""type"":""MultiPoint"",""coordinates"":[]}"
2_2005_05_01,0.5159825178111566,2005-05-01,01,05,,2005,"{""type"":""MultiPoint"",""coordinates"":[]}"
2_2005_05_17,0.6696294854201987,2005-05-17,17,05,,2005,"{""type"":""MultiPoint"",""coordinates"":[]}"
2_2005_06_02,0.6273120474628464,2005-06-02,02,06,,2005,"{""type"":""MultiPoint"",""coordinates"":[]}"
2_2005_06_18,0.7692342082222728,2005-06-18,18,06,,2005,"{""type"":""MultiPoint"",""coordinates"":[]}"
2_2005_07_04,0.7625493582906165,2005-07-04,04,07,,2005,"{""type"":""MultiPoint"",""coordinates"":[]}"
2_2005_07_20,0.717364612484418,2005-07-20,20,07,,2005,"{""type"":""MultiPoint"",""coordinates"":[]}"
2_2005_08_05,0.715291784402375,2005-08-05,05,08,,2005,"{""type"":""MultiPoint"",""coordinates"":[]}"
2_2005_08_21,0.5902017740161036,2005-08-21,21,08,,2005,"{""type"":""MultiPoint"",""coordinates"":[]}"
2_2005_09_06,0.7210350069584718,2005-09-06,06,09,,2005,"{""type"":""MultiPoint"",""coordinates"":[]}"
2_2005_09_22,0.5631848508736665,2005-09-22,22,09,,2005,"{""type"":""MultiPoint"",""coordinates"":[]}"
2_2005_10_08,0.3093879477593098,2005-10-08,08,10,,2005,"{""type"":""MultiPoint"",""coordinates"":[]}"
2_2005_10_24,0.7194890351091238,2005-10-24,24,10,,2005,"{""type"":""MultiPoint"",""coordinates"":[]}"
2_2005_11_09,0.5106377822602405,2005-11-09,09,11,,2005,"{""type"":""MultiPoint"",""coordinates"":[]}"
2_2005_11_25,0.3388147999718479,2005-11-25,25,11,,2005,"{""type"":""MultiPoint"",""coordinates"":[]}"
2_2005_12_11,0.5562890993506607,2005-12-11,11,12,,2005,"{""type"":""MultiPoint"",""coordinates"":[]}"
2_2005_12_27,0.6441700249473683,2005-12-27,27,12,,2005,"{""type"":""MultiPoint"",""coordinates"":[]}"
2_2006_01_09,0.6270776026298479,2006-01-09,09,01,,2006,"{""type"":""MultiPoint"",""coordinates"":[]}"
2_2006_01_25,0.7446059201519041,2006-01-25,25,01,,2006,"{""type"":""MultiPoint"",""coordinates"":[]}"
2_2006_02_10,0.5112627173090922,2006-02-10,10,02,,2006,"{""type"":""MultiPoint"",""coordinates"":[]}"
2_2006_02_26,0.6704001422071154,2006-02-26,26,02,,2006,"{""type"":""MultiPoint"",""coordinates"":[]}"
2_2006_03_14,0.5419679761963847,2006-03-14,14,03,,2006,"{""type"":""MultiPoint"",""coordinates"":[]}"
2_2006_03_30,0.5918461625200009,2006-03-30,30,03,,2006,"{""type"":""MultiPoint"",""coordinates"":[]}"
2_2006_04_15,0.6538853191063988,2006-04-15,15,04,,2006,"{""type"":""MultiPoint"",""coordinates"":[]}"
2_2006_05_01,0.5286169343954054,2006-05-01,01,05,,2006,"{""type"":""MultiPoint"",""coordinates"":[]}"
2_2006_05_17,0.6540554915476698,2006-05-17,17,05,,2006,"{""type"":""MultiPoint"",""coordinates"":[]}"
2_2006_06_02,0.7007250003226361,2006-06-02,02,06,,2006,"{""type"":""MultiPoint"",""coordinates"":[]}"
2_2006_06_18,0.7464922962979653,2006-06-18,18,06,,2006,"{""type"":""MultiPoint"",""coordinates"":[]}"
2_2006_07_04,0.6556731455038141,2006-07-04,04,07,,2006,"{""type"":""MultiPoint"",""coordinates"":[]}"
2_2006_07_20,0.725131122494384,2006-07-20,20,07,,2006,"{""type"":""MultiPoint"",""coordinates"":[]}"
2_2006_08_05,0.7379139148982113,2006-08-05,05,08,,2006,"{""type"":""MultiPoint"",""coordinates"":[]}"
2_2006_08_21,0.60159158003101,2006-08-21,21,08,,2006,"{""type"":""MultiPoint"",""coordinates"":[]}"
2_2006_09_06,0.5520835578080887,2006-09-06,06,09,,2006,"{""type"":""MultiPoint"",""coordinates"":[]}"
2_2006_09_22,0.7130956300397158,2006-09-22,22,09,,2006,"{""type"":""MultiPoint"",""coordinates"":[]}"
2_2006_10_08,0.6301739411173803,2006-10-08,08,10,,2006,"{""type"":""MultiPoint"",""coordinates"":[]}"
2_2006_10_24,0.40554712402883025,2006-10-24,24,10,,2006,"{""type"":""MultiPoint"",""coordinates"":[]}"
2_2006_11_09,0.5292943231623642,2006-11-09,09,11,,2006,"{""type"":""MultiPoint"",""coordinates"":[]}"
2_2006_11_25,0.5904869447357223,2006-11-25,25,11,,2006,"{""type"":""MultiPoint"",""coordinates"":[]}"
2_2006_12_11,0.6246788645489527,2006-12-11,11,12,,2006,"{""type"":""MultiPoint"",""coordinates"":[]}"
2_2006_12_27,0.5361251048812663,2006-12-27,27,12,,2006,"{""type"":""MultiPoint"",""coordinates"":[]}"
2_2007_01_09,0.6487097263619469,2007-01-09,09,01,,2007,"{""type"":""MultiPoint"",""coordinates"":[]}"
2_2007_01_25,0.7417737960408566,2007-01-25,25,01,,2007,"{""type"":""MultiPoint"",""coordinates"":[]}"
2_2007_02_10,0.6662080126089807,2007-02-10,10,02,,2007,"{""type"":""MultiPoint"",""coordinates"":[]}"
2_2007_02_26,0.5903224416583368,2007-02-26,26,02,,2007,"{""type"":""MultiPoint"",""coordinates"":[]}"
2_2007_03_14,0.7041204151517304,2007-03-14,14,03,,2007,"{""type"":""MultiPoint"",""coordinates"":[]}"
2_2007_03_30,0.624695888939741,2007-03-30,30,03,,2007,"{""type"":""MultiPoint"",""coordinates"":[]}"
2_2007_04_15,0.6491644305570465,2007-04-15,15,04,,2007,"{""type"":""MultiPoint"",""coordinates"":[]}"
2_2007_05_01,0.5258386478800265,2007-05-01,01,05,,2007,"{""type"":""MultiPoint"",""coordinates"":[]}"
2_2007_05_17,0.6256127371163711,2007-05-17,17,05,,2007,"{""type"":""MultiPoint"",""coordinates"":[]}"
2_2007_06_02,0.5164452852380379,2007-06-02,02,06,,2007,"{""type"":""MultiPoint"",""coordinates"":[]}"
2_2007_06_18,0.7805791861521011,2007-06-18,18,06,,2007,"{""type"":""MultiPoint"",""coordinates"":[]}"
2_2007_07_04,0.7317214837713892,2007-07-04,04,07,,2007,"{""type"":""MultiPoint"",""coordinates"":[]}"
2_2007_07_20,0.6277131354538105,2007-07-20,20,07,,2007,"{""type"":""MultiPoint"",""coordinates"":[]}"
2_2007_08_05,0.759105594207328,2007-08-05,05,08,,2007,"{""type"":""MultiPoint"",""coordinates"":[]}"
2_2007_08_21,0.5697884881463565,2007-08-21,21,08,,2007,"{""type"":""MultiPoint"",""coordinates"":[]}"
2_2007_09_06,0.713594162605464,2007-09-06,06,09,,2007,"{""type"":""MultiPoint"",""coordinates"":[]}"
2_2007_09_22,0.646743517763477,2007-09-22,22,09,,2007,"{""type"":""MultiPoint"",""coordinates"":[]}"
2_2007_10_08,0.39015177734582274,2007-10-08,08,10,,2007,"{""type"":""MultiPoint"",""coordinates"":[]}"
2_2007_10_24,0.42871180501087675,2007-10-24,24,10,,2007,"{""type"":""MultiPoint"",""coordinates"":[]}"
2_2007_11_09,0.5232568150476885,2007-11-09,09,11,,2007,"{""type"":""MultiPoint"",""coordinates"":[]}"
2_2007_11_25,0.6886611222405126,2007-11-25,25,11,,2007,"{""type"":""MultiPoint"",""coordinates"":[]}"
2_2007_12_11,0.6150764618481597,2007-12-11,11,12,,2007,"{""type"":""MultiPoint"",""coordinates"":[]}"
2_2007_12_27,0.7423322904184165,2007-12-27,27,12,,2007,"{""type"":""MultiPoint"",""coordinates"":[]}"
2_2008_01_09,0.6765754211361829,2008-01-09,09,01,,2008,"{""type"":""MultiPoint"",""coordinates"":[]}"
2_2008_01_25,0.6116668316782271,2008-01-25,25,01,,2008,"{""type"":""MultiPoint"",""coordinates"":[]}"
2_2008_02_10,0.6867765900577043,2008-02-10,10,02,,2008,"{""type"":""MultiPoint"",""coordinates"":[]}"
2_2008_02_26,0.5105537310703757,2008-02-26,26,02,,2008,"{""type"":""MultiPoint"",""coordinates"":[]}"
2_2008_03_13,0.6255210180051151,2008-03-13,13,03,,2008,"{""type"":""MultiPoint"",""coordinates"":[]}"
2_2008_03_29,0.6626163611152999,2008-03-29,29,03,,2008,"{""type"":""MultiPoint"",""coordinates"":[]}"
2_2008_04_14,0.4203328728738552,2008-04-14,14,04,,2008,"{""type"":""MultiPoint"",""coordinates"":[]}"
2_2008_04_30,0.7244548480562695,2008-04-30,30,04,,2008,"{""type"":""MultiPoint"",""coordinates"":[]}"
2_2008_05_16,0.655787891204266,2008-05-16,16,05,,2008,"{""type"":""MultiPoint"",""coordinates"":[]}"
2_2008_06_01,0.6279112064653255,2008-06-01,01,06,,2008,"{""type"":""MultiPoint"",""coordinates"":[]}"
2_2008_06_17,0.67972379090733,2008-06-17,17,06,,2008,"{""type"":""MultiPoint"",""coordinates"":[]}"
2_2008_07_03,0.6231390786546045,2008-07-03,03,07,,2008,"{""type"":""MultiPoint"",""coordinates"":[]}"
2_2008_07_19,0.7589755391787959,2008-07-19,19,07,,2008,"{""type"":""MultiPoint"",""coordinates"":[]}"
2_2008_08_04,0.7342506326363908,2008-08-04,04,08,,2008,"{""type"":""MultiPoint"",""coordinates"":[]}"
2_2008_08_20,0.43574693448011675,2008-08-20,20,08,,2008,"{""type"":""MultiPoint"",""coordinates"":[]}"
2_2008_09_05,0.6857361407235346,2008-09-05,05,09,,2008,"{""type"":""MultiPoint"",""coordinates"":[]}"
2_2008_09_21,0.6651466846827038,2008-09-21,21,09,,2008,"{""type"":""MultiPoint"",""coordinates"":[]}"
2_2008_10_07,0.5430114217678923,2008-10-07,07,10,,2008,"{""type"":""MultiPoint"",""coordinates"":[]}"
2_2008_10_23,0.7304449424207727,2008-10-23,23,10,,2008,"{""type"":""MultiPoint"",""coordinates"":[]}"
2_2008_11_08,0.3892323268032915,2008-11-08,08,11,,2008,"{""type"":""MultiPoint"",""coordinates"":[]}"
2_2008_11_24,0.13675220378960395,2008-11-24,24,11,,2008,"{""type"":""MultiPoint"",""coordinates"":[]}"
2_2008_12_10,0.6231186083319521,2008-12-10,10,12,,2008,"{""type"":""MultiPoint"",""coordinates"":[]}"
2_2008_12_26,0.5634952102484575,2008-12-26,26,12,,2008,"{""type"":""MultiPoint"",""coordinates"":[]}"
2_2009_01_09,0.4603252974299402,2009-01-09,09,01,,2009,"{""type"":""MultiPoint"",""coordinates"":[]}"
2_2009_01_25,0.5744151364308334,2009-01-25,25,01,,2009,"{""type"":""MultiPoint"",""coordinates"":[]}"
2_2009_02_10,0.7317470556457933,2009-02-10,10,02,,2009,"{""type"":""MultiPoint"",""coordinates"":[]}"
2_2009_02_26,0.6362081097655834,2009-02-26,26,02,,2009,"{""type"":""MultiPoint"",""coordinates"":[]}"
2_2009_03_14,0.7044588738520294,2009-03-14,14,03,,2009,"{""type"":""MultiPoint"",""coordinates"":[]}"
2_2009_03_30,0.6864346600567329,2009-03-30,30,03,,2009,"{""type"":""MultiPoint"",""coordinates"":[]}"
2_2009_04_15,0.7672914591109836,2009-04-15,15,04,,2009,"{""type"":""MultiPoint"",""coordinates"":[]}"
2_2009_05_01,0.6987724980497462,2009-05-01,01,05,,2009,"{""type"":""MultiPoint"",""coordinates"":[]}"
2_2009_05_17,0.7455867780228133,2009-05-17,17,05,,2009,"{""type"":""MultiPoint"",""coordinates"":[]}"
2_2009_06_02,0.77389890729667,2009-06-02,02,06,,2009,"{""type"":""MultiPoint"",""coordinates"":[]}"
2_2009_06_18,0.7154399193335876,2009-06-18,18,06,,2009,"{""type"":""MultiPoint"",""coordinates"":[]}"
2_2009_07_04,0.6642765601337404,2009-07-04,04,07,,2009,"{""type"":""MultiPoint"",""coordinates"":[]}"
2_2009_07_20,0.7313682349064411,2009-07-20,20,07,,2009,"{""type"":""MultiPoint"",""coordinates"":[]}"
2_2009_08_05,0.4804971583807616,2009-08-05,05,08,,2009,"{""type"":""MultiPoint"",""coordinates"":[]}"
2_2009_08_21,0.70102257478581,2009-08-21,21,08,,2009,"{""type"":""MultiPoint"",""coordinates"":[]}"
2_2009_09_06,0.7322577457360787,2009-09-06,06,09,,2009,"{""type"":""MultiPoint"",""coordinates"":[]}"
2_2009_09_22,0.6789972178126055,2009-09-22,22,09,,2009,"{""type"":""MultiPoint"",""coordinates"":[]}"
2_2009_10_08,0.5362247297517309,2009-10-08,08,10,,2009,"{""type"":""MultiPoint"",""coordinates"":[]}"
2_2009_10_24,0.5033683088139611,2009-10-24,24,10,,2009,"{""type"":""MultiPoint"",""coordinates"":[]}"
2_2009_11_09,0.33344088309375197,2009-11-09,09,11,,2009,"{""type"":""MultiPoint"",""coordinates"":[]}"
2_2009_11_25,0.6159450949305993,2009-11-25,25,11,,2009,"{""type"":""MultiPoint"",""coordinates"":[]}"
2_2009_12_11,0.7116495133533755,2009-12-11,11,12,,2009,"{""type"":""MultiPoint"",""coordinates"":[]}"
2_2009_12_27,0.48665887369928273,2009-12-27,27,12,,2009,"{""type"":""MultiPoint"",""coordinates"":[]}"
2_2010_01_09,0.6893052323426737,2010-01-09,09,01,,2010,"{""type"":""MultiPoint"",""coordinates"":[]}"
2_2010_01_25,0.697665782610033,2010-01-25,25,01,,2010,"{""type"":""MultiPoint"",""coordinates"":[]}"
2_2010_02_10,0.7486722292657765,2010-02-10,10,02,,2010,"{""type"":""MultiPoint"",""coordinates"":[]}"
2_2010_02_26,0.5973869524390818,2010-02-26,26,02,,2010,"{""type"":""MultiPoint"",""coordinates"":[]}"
2_2010_03_14,0.6440361087711707,2010-03-14,14,03,,2010,"{""type"":""MultiPoint"",""coordinates"":[]}"
2_2010_03_30,0.626732695505717,2010-03-30,30,03,,2010,"{""type"":""MultiPoint"",""coordinates"":[]}"
2_2010_04_15,0.5484666223388459,2010-04-15,15,04,,2010,"{""type"":""MultiPoint"",""coordinates"":[]}"
2_2010_05_01,0.6482201802041806,2010-05-01,01,05,,2010,"{""type"":""MultiPoint"",""coordinates"":[]}"
2_2010_05_17,0.7213017940614721,2010-05-17,17,05,,2010,"{""type"":""MultiPoint"",""coordinates"":[]}"
2_2010_06_02,0.567212117045319,2010-06-02,02,06,,2010,"{""type"":""MultiPoint"",""coordinates"":[]}"
2_2010_06_18,0.7027461116927205,2010-06-18,18,06,,2010,"{""type"":""MultiPoint"",""coordinates"":[]}"
2_2010_07_04,0.5950943384360654,2010-07-04,04,07,,2010,"{""type"":""MultiPoint"",""coordinates"":[]}"
2_2010_07_20,0.6893603399082538,2010-07-20,20,07,,2010,"{""type"":""MultiPoint"",""coordinates"":[]}"
2_2010_08_05,0.6642339505023063,2010-08-05,05,08,,2010,"{""type"":""MultiPoint"",""coordinates"":[]}"
2_2010_08_21,0.761518195864912,2010-08-21,21,08,,2010,"{""type"":""MultiPoint"",""coordinates"":[]}"
2_2010_09_06,0.6574807064953367,2010-09-06,06,09,,2010,"{""type"":""MultiPoint"",""coordinates"":[]}"
2_2010_09_22,0.4962922632662363,2010-09-22,22,09,,2010,"{""type"":""MultiPoint"",""coordinates"":[]}"
2_2010_10_08,0.7296052438175539,2010-10-08,08,10,,2010,"{""type"":""MultiPoint"",""coordinates"":[]}"
2_2010_10_24,0.46417783623597,2010-10-24,24,10,,2010,"{""type"":""MultiPoint"",""coordinates"":[]}"
2_2010_11_09,0.21757143485577254,2010-11-09,09,11,,2010,"{""type"":""MultiPoint"",""coordinates"":[]}"
2_2010_11_25,0.5107121661557277,2010-11-25,25,11,,2010,"{""type"":""MultiPoint"",""coordinates"":[]}"
2_2010_12_11,0.5041184462863718,2010-12-11,11,12,,2010,"{""type"":""MultiPoint"",""coordinates"":[]}"
2_2010_12_27,0.5189355825312512,2010-12-27,27,12,,2010,"{""type"":""MultiPoint"",""coordinates"":[]}"
2_2011_01_09,0.6989952481648942,2011-01-09,09,01,,2011,"{""type"":""MultiPoint"",""coordinates"":[]}"
2_2011_01_25,0.6037034882535268,2011-01-25,25,01,,2011,"{""type"":""MultiPoint"",""coordinates"":[]}"
2_2011_02_10,0.5736873216101447,2011-02-10,10,02,,2011,"{""type"":""MultiPoint"",""coordinates"":[]}"
2_2011_02_26,0.6275927434444938,2011-02-26,26,02,,2011,"{""type"":""MultiPoint"",""coordinates"":[]}"
2_2011_03_14,0.6581795753104657,2011-03-14,14,03,,2011,"{""type"":""MultiPoint"",""coordinates"":[]}"
2_2011_03_30,0.6882351819953111,2011-03-30,30,03,,2011,"{""type"":""MultiPoint"",""coordinates"":[]}"
2_2011_04_15,0.450840509936958,2011-04-15,15,04,,2011,"{""type"":""MultiPoint"",""coordinates"":[]}"
2_2011_05_01,0.6766582432658721,2011-05-01,01,05,,2011,"{""type"":""MultiPoint"",""coordinates"":[]}"
2_2011_05_17,0.725553766170502,2011-05-17,17,05,,2011,"{""type"":""MultiPoint"",""coordinates"":[]}"
2_2011_06_02,0.7714351572736738,2011-06-02,02,06,,2011,"{""type"":""MultiPoint"",""coordinates"":[]}"
2_2011_06_18,0.7330316888899392,2011-06-18,18,06,,2011,"{""type"":""MultiPoint"",""coordinates"":[]}"
2_2011_07_04,0.7359096502729816,2011-07-04,04,07,,2011,"{""type"":""MultiPoint"",""coordinates"":[]}"
2_2011_07_20,0.6945748836105154,2011-07-20,20,07,,2011,"{""type"":""MultiPoint"",""coordinates"":[]}"
2_2011_08_05,0.7408644837496651,2011-08-05,05,08,,2011,"{""type"":""MultiPoint"",""coordinates"":[]}"
2_2011_08_21,0.5975673494110629,2011-08-21,21,08,,2011,"{""type"":""MultiPoint"",""coordinates"":[]}"
2_2011_09_06,0.736426213197616,2011-09-06,06,09,,2011,"{""type"":""MultiPoint"",""coordinates"":[]}"
2_2011_09_22,0.6107100394445388,2011-09-22,22,09,,2011,"{""type"":""MultiPoint"",""coordinates"":[]}"
2_2011_10_08,0.5808513489084401,2011-10-08,08,10,,2011,"{""type"":""MultiPoint"",""coordinates"":[]}"
2_2011_10_24,0.5425816969097433,2011-10-24,24,10,,2011,"{""type"":""MultiPoint"",""coordinates"":[]}"
2_2011_11_09,0.6272735030001418,2011-11-09,09,11,,2011,"{""type"":""MultiPoint"",""coordinates"":[]}"
2_2011_11_25,0.6111124515504263,2011-11-25,25,11,,2011,"{""type"":""MultiPoint"",""coordinates"":[]}"
2_2011_12_11,0.5214409297423668,2011-12-11,11,12,,2011,"{""type"":""MultiPoint"",""coordinates"":[]}"
2_2011_12_27,0.6374090537798991,2011-12-27,27,12,,2011,"{""type"":""MultiPoint"",""coordinates"":[]}"
2_2012_01_09,0.5024534075517341,2012-01-09,09,01,,2012,"{""type"":""MultiPoint"",""coordinates"":[]}"
2_2012_01_25,0.747203664821076,2012-01-25,25,01,,2012,"{""type"":""MultiPoint"",""coordinates"":[]}"
2_2012_02_10,0.6046002079094724,2012-02-10,10,02,,2012,"{""type"":""MultiPoint"",""coordinates"":[]}"
2_2012_02_26,0.5617257845583925,2012-02-26,26,02,,2012,"{""type"":""MultiPoint"",""coordinates"":[]}"
2_2012_03_13,0.6774298589651089,2012-03-13,13,03,,2012,"{""type"":""MultiPoint"",""coordinates"":[]}"
2_2012_03_29,0.5391551093701011,2012-03-29,29,03,,2012,"{""type"":""MultiPoint"",""coordinates"":[]}"
2_2012_04_14,0.6719931097217661,2012-04-14,14,04,,2012,"{""type"":""MultiPoint"",""coordinates"":[]}"
2_2012_04_30,0.7252772776115874,2012-04-30,30,04,,2012,"{""type"":""MultiPoint"",""coordinates"":[]}"
2_2012_05_16,0.6183488331111962,2012-05-16,16,05,,2012,"{""type"":""MultiPoint"",""coordinates"":[]}"
2_2012_06_01,0.7482582688653258,2012-06-01,01,06,,2012,"{""type"":""MultiPoint"",""coordinates"":[]}"
2_2012_06_17,0.7499120292971101,2012-06-17,17,06,,2012,"{""type"":""MultiPoint"",""coordinates"":[]}"
2_2012_07_03,0.573198694526626,2012-07-03,03,07,,2012,"{""type"":""MultiPoint"",""coordinates"":[]}"
2_2012_07_19,0.7195543854483016,2012-07-19,19,07,,2012,"{""type"":""MultiPoint"",""coordinates"":[]}"
2_2012_08_04,0.6399628107898327,2012-08-04,04,08,,2012,"{""type"":""MultiPoint"",""coordinates"":[]}"
2_2012_08_20,0.7295268709030361,2012-08-20,20,08,,2012,"{""type"":""MultiPoint"",""coordinates"":[]}"
2_2012_09_05,0.6224654933490955,2012-09-05,05,09,,2012,"{""type"":""MultiPoint"",""coordinates"":[]}"
2_2012_09_21,0.6638836423755239,2012-09-21,21,09,,2012,"{""type"":""MultiPoint"",""coordinates"":[]}"
2_2012_10_07,0.5156431430821036,2012-10-07,07,10,,2012,"{""type"":""MultiPoint"",""coordinates"":[]}"
2_2012_10_23,0.31352449942946947,2012-10-23,23,10,,2012,"{""type"":""MultiPoint"",""coordinates"":[]}"
2_2012_11_08,0.4667986162430646,2012-11-08,08,11,,2012,"{""type"":""MultiPoint"",""coordinates"":[]}"
2_2012_11_24,0.5803470169057847,2012-11-24,24,11,,2012,"{""type"":""MultiPoint"",""coordinates"":[]}"
2_2012_12_10,0.4380589834245989,2012-12-10,10,12,,2012,"{""type"":""MultiPoint"",""coordinates"":[]}"
2_2012_12_26,0.503468713056173,2012-12-26,26,12,,2012,"{""type"":""MultiPoint"",""coordinates"":[]}"
2_2013_01_09,0.7103459238434501,2013-01-09,09,01,,2013,"{""type"":""MultiPoint"",""coordinates"":[]}"
2_2013_01_25,0.5457482424442963,2013-01-25,25,01,,2013,"{""type"":""MultiPoint"",""coordinates"":[]}"
2_2013_02_10,0.6187856385883538,2013-02-10,10,02,,2013,"{""type"":""MultiPoint"",""coordinates"":[]}"
2_2013_02_26,0.7010805284609445,2013-02-26,26,02,,2013,"{""type"":""MultiPoint"",""coordinates"":[]}"
2_2013_03_14,0.6721061972799637,2013-03-14,14,03,,2013,"{""type"":""MultiPoint"",""coordinates"":[]}"
2_2013_03_30,0.6997025741049139,2013-03-30,30,03,,2013,"{""type"":""MultiPoint"",""coordinates"":[]}"
2_2013_04_15,0.6641761122755419,2013-04-15,15,04,,2013,"{""type"":""MultiPoint"",""coordinates"":[]}"
2_2013_05_01,0.7611708794493218,2013-05-01,01,05,,2013,"{""type"":""MultiPoint"",""coordinates"":[]}"
2_2013_05_17,0.7033641781246288,2013-05-17,17,05,,2013,"{""type"":""MultiPoint"",""coordinates"":[]}"
2_2013_06_02,0.5994330150772258,2013-06-02,02,06,,2013,"{""type"":""MultiPoint"",""coordinates"":[]}"
2_2013_06_18,0.7291826192688798,2013-06-18,18,06,,2013,"{""type"":""MultiPoint"",""coordinates"":[]}"
2_2013_07_04,0.7427358306313883,2013-07-04,04,07,,2013,"{""type"":""MultiPoint"",""coordinates"":[]}"
2_2013_07_20,0.7466778081277052,2013-07-20,20,07,,2013,"{""type"":""MultiPoint"",""coordinates"":[]}"
2_2013_08_05,0.6580321652375121,2013-08-05,05,08,,2013,"{""type"":""MultiPoint"",""coordinates"":[]}"
2_2013_08_21,0.5922688835944853,2013-08-21,21,08,,2013,"{""type"":""MultiPoint"",""coordinates"":[]}"
2_2013_09_06,0.7555380481003852,2013-09-06,06,09,,2013,"{""type"":""MultiPoint"",""coordinates"":[]}"
2_2013_09_22,0.6461229105703862,2013-09-22,22,09,,2013,"{""type"":""MultiPoint"",""coordinates"":[]}"
2_2013_10_08,0.545103036651486,2013-10-08,08,10,,2013,"{""type"":""MultiPoint"",""coordinates"":[]}"
2_2013_10_24,0.40587762919230286,2013-10-24,24,10,,2013,"{""type"":""MultiPoint"",""coordinates"":[]}"
2_2013_11_09,0.4111521045003014,2013-11-09,09,11,,2013,"{""type"":""MultiPoint"",""coordinates"":[]}"
2_2013_11_25,0.5090907401572953,2013-11-25,25,11,,2013,"{""type"":""MultiPoint"",""coordinates"":[]}"
2_2013_12_11,0.6012435222927603,2013-12-11,11,12,,2013,"{""type"":""MultiPoint"",""coordinates"":[]}"
2_2013_12_27,0.5399446546172345,2013-12-27,27,12,,2013,"{""type"":""MultiPoint"",""coordinates"":[]}"
2_2014_01_09,0.6595469907072822,2014-01-09,09,01,,2014,"{""type"":""MultiPoint"",""coordinates"":[]}"
2_2014_01_25,0.7464186121385444,2014-01-25,25,01,,2014,"{""type"":""MultiPoint"",""coordinates"":[]}"
2_2014_02_10,0.7568776034199118,2014-02-10,10,02,,2014,"{""type"":""MultiPoint"",""coordinates"":[]}"
2_2014_02_26,0.7668206358777766,2014-02-26,26,02,,2014,"{""type"":""MultiPoint"",""coordinates"":[]}"
2_2014_03_14,0.7299841665773541,2014-03-14,14,03,,2014,"{""type"":""MultiPoint"",""coordinates"":[]}"
2_2014_03_30,0.7097337541552653,2014-03-30,30,03,,2014,"{""type"":""MultiPoint"",""coordinates"":[]}"
2_2014_04_15,0.6194329972003096,2014-04-15,15,04,,2014,"{""type"":""MultiPoint"",""coordinates"":[]}"
2_2014_05_01,0.571818902295707,2014-05-01,01,05,,2014,"{""type"":""MultiPoint"",""coordinates"":[]}"
2_2014_05_17,0.5185076888820249,2014-05-17,17,05,,2014,"{""type"":""MultiPoint"",""coordinates"":[]}"
2_2014_06_02,0.6711674744055272,2014-06-02,02,06,,2014,"{""type"":""MultiPoint"",""coordinates"":[]}"
2_2014_06_18,0.7418253765711632,2014-06-18,18,06,,2014,"{""type"":""MultiPoint"",""coordinates"":[]}"
2_2014_07_04,0.5961277342323984,2014-07-04,04,07,,2014,"{""type"":""MultiPoint"",""coordinates"":[]}"
2_2014_07_20,0.7320158672883664,2014-07-20,20,07,,2014,"{""type"":""MultiPoint"",""coordinates"":[]}"
2_2014_08_05,0.596487063779609,2014-08-05,05,08,,2014,"{""type"":""MultiPoint"",""coordinates"":[]}"
2_2014_08_21,0.6656199150204917,2014-08-21,21,08,,2014,"{""type"":""MultiPoint"",""coordinates"":[]}"
2_2014_09_06,0.6319104769659042,2014-09-06,06,09,,2014,"{""type"":""MultiPoint"",""coordinates"":[]}"
2_2014_09_22,0.37860871361919174,2014-09-22,22,09,,2014,"{""type"":""MultiPoint"",""coordinates"":[]}"
2_2014_10_08,0.5929600095840312,2014-10-08,08,10,,2014,"{""type"":""MultiPoint"",""coordinates"":[]}"
2_2014_10_24,0.6775376772206976,2014-10-24,24,10,,2014,"{""type"":""MultiPoint"",""coordinates"":[]}"
2_2014_11_09,0.534874839330895,2014-11-09,09,11,,2014,"{""type"":""MultiPoint"",""coordinates"":[]}"
2_2014_11_25,0.6860448630530572,2014-11-25,25,11,,2014,"{""type"":""MultiPoint"",""coordinates"":[]}"
2_2014_12_11,0.6247099462429706,2014-12-11,11,12,,2014,"{""type"":""MultiPoint"",""coordinates"":[]}"
2_2014_12_27,0.5466788515729055,2014-12-27,27,12,,2014,"{""type"":""MultiPoint"",""coordinates"":[]}"
2_2015_01_09,0.762075156072717,2015-01-09,09,01,,2015,"{""type"":""MultiPoint"",""coordinates"":[]}"
2_2015_01_25,0.6485885138390122,2015-01-25,25,01,,2015,"{""type"":""MultiPoint"",""coordinates"":[]}"
2_2015_02_10,0.7889670496684389,2015-02-10,10,02,,2015,"{""type"":""MultiPoint"",""coordinates"":[]}"
2_2015_02_26,0.6680920263479794,2015-02-26,26,02,,2015,"{""type"":""MultiPoint"",""coordinates"":[]}"
2_2015_03_14,0.7258204961338722,2015-03-14,14,03,,2015,"{""type"":""MultiPoint"",""coordinates"":[]}"
2_2015_03_30,0.6225312527480845,2015-03-30,30,03,,2015,"{""type"":""MultiPoint"",""coordinates"":[]}"
2_2015_04_15,0.4358909637673505,2015-04-15,15,04,,2015,"{""type"":""MultiPoint"",""coordinates"":[]}"
2_2015_05_01,0.561010596816108,2015-05-01,01,05,,2015,"{""type"":""MultiPoint"",""coordinates"":[]}"
2_2015_05_17,0.7144182166896225,2015-05-17,17,05,,2015,"{""type"":""MultiPoint"",""coordinates"":[]}"
2_2015_06_02,0.6810323098280375,2015-06-02,02,06,,2015,"{""type"":""MultiPoint"",""coordinates"":[]}"
2_2015_06_18,0.7753472382449383,2015-06-18,18,06,,2015,"{""type"":""MultiPoint"",""coordinates"":[]}"
2_2015_07_04,0.681689161442315,2015-07-04,04,07,,2015,"{""type"":""MultiPoint"",""coordinates"":[]}"
2_2015_07_20,0.6816386266612514,2015-07-20,20,07,,2015,"{""type"":""MultiPoint"",""coordinates"":[]}"
2_2015_08_05,0.6052993450084946,2015-08-05,05,08,,2015,"{""type"":""MultiPoint"",""coordinates"":[]}"
2_2015_08_21,0.7380143701513587,2015-08-21,21,08,,2015,"{""type"":""MultiPoint"",""coordinates"":[]}"
2_2015_09_06,0.6987699067186991,2015-09-06,06,09,,2015,"{""type"":""MultiPoint"",""coordinates"":[]}"
2_2015_09_22,0.5857342590592065,2015-09-22,22,09,,2015,"{""type"":""MultiPoint"",""coordinates"":[]}"
2_2015_10_08,0.49164443649526324,2015-10-08,08,10,,2015,"{""type"":""MultiPoint"",""coordinates"":[]}"
2_2015_10_24,0.506049869806054,2015-10-24,24,10,,2015,"{""type"":""MultiPoint"",""coordinates"":[]}"
2_2015_11_09,0.481910099225956,2015-11-09,09,11,,2015,"{""type"":""MultiPoint"",""coordinates"":[]}"
2_2015_11_25,0.5396525960842943,2015-11-25,25,11,,2015,"{""type"":""MultiPoint"",""coordinates"":[]}"
2_2015_12_11,0.6093176740908862,2015-12-11,11,12,,2015,"{""type"":""MultiPoint"",""coordinates"":[]}"
2_2015_12_27,0.6734142534598657,2015-12-27,27,12,,2015,"{""type"":""MultiPoint"",""coordinates"":[]}"
2_2016_01_09,0.711823315011684,2016-01-09,09,01,,2016,"{""type"":""MultiPoint"",""coordinates"":[]}"
2_2016_01_25,0.541153319879829,2016-01-25,25,01,,2016,"{""type"":""MultiPoint"",""coordinates"":[]}"
2_2016_02_10,0.7638856551814515,2016-02-10,10,02,,2016,"{""type"":""MultiPoint"",""coordinates"":[]}"
2_2016_02_26,0.6861243170937679,2016-02-26,26,02,,2016,"{""type"":""MultiPoint"",""coordinates"":[]}"
2_2016_03_13,0.7236942073014627,2016-03-13,13,03,,2016,"{""type"":""MultiPoint"",""coordinates"":[]}"
2_2016_03_29,0.5601975149639692,2016-03-29,29,03,,2016,"{""type"":""MultiPoint"",""coordinates"":[]}"
2_2016_04_14,0.6736103140676505,2016-04-14,14,04,,2016,"{""type"":""MultiPoint"",""coordinates"":[]}"
2_2016_04_30,0.5381851137272585,2016-04-30,30,04,,2016,"{""type"":""MultiPoint"",""coordinates"":[]}"
2_2016_05_16,0.4266622392314323,2016-05-16,16,05,,2016,"{""type"":""MultiPoint"",""coordinates"":[]}"
2_2016_06_01,0.7773767945332438,2016-06-01,01,06,,2016,"{""type"":""MultiPoint"",""coordinates"":[]}"
2_2016_06_17,0.757140509324047,2016-06-17,17,06,,2016,"{""type"":""MultiPoint"",""coordinates"":[]}"
2_2016_07_03,0.6744878859591503,2016-07-03,03,07,,2016,"{""type"":""MultiPoint"",""coordinates"":[]}"
2_2016_07_19,0.751250674026633,2016-07-19,19,07,,2016,"{""type"":""MultiPoint"",""coordinates"":[]}"
2_2016_08_04,0.7188894871386153,2016-08-04,04,08,,2016,"{""type"":""MultiPoint"",""coordinates"":[]}"
2_2016_08_20,0.5812684453714524,2016-08-20,20,08,,2016,"{""type"":""MultiPoint"",""coordinates"":[]}"
2_2016_09_05,0.7123446184983397,2016-09-05,05,09,,2016,"{""type"":""MultiPoint"",""coordinates"":[]}"
2_2016_09_21,0.6673037919509904,2016-09-21,21,09,,2016,"{""type"":""MultiPoint"",""coordinates"":[]}"
2_2016_10_07,0.6222836155036385,2016-10-07,07,10,,2016,"{""type"":""MultiPoint"",""coordinates"":[]}"
2_2016_10_23,0.5236442999578347,2016-10-23,23,10,,2016,"{""type"":""MultiPoint"",""coordinates"":[]}"
2_2016_11_08,0.377150106433396,2016-11-08,08,11,,2016,"{""type"":""MultiPoint"",""coordinates"":[]}"
2_2016_11_24,0.44903737116478093,2016-11-24,24,11,,2016,"{""type"":""MultiPoint"",""coordinates"":[]}"
2_2016_12_10,0.6083395244729723,2016-12-10,10,12,,2016,"{""type"":""MultiPoint"",""coordinates"":[]}"
2_2016_12_26,0.7836859578551355,2016-12-26,26,12,,2016,"{""type"":""MultiPoint"",""coordinates"":[]}"
2_2017_01_09,0.7675444366215455,2017-01-09,09,01,,2017,"{""type"":""MultiPoint"",""coordinates"":[]}"
2_2017_01_25,0.7027039402319422,2017-01-25,25,01,,2017,"{""type"":""MultiPoint"",""coordinates"":[]}"
2_2017_02_10,0.7247242051603161,2017-02-10,10,02,,2017,"{""type"":""MultiPoint"",""coordinates"":[]}"
2_2017_02_26,0.7122383750128496,2017-02-26,26,02,,2017,"{""type"":""MultiPoint"",""coordinates"":[]}"
2_2017_03_14,0.5806957097757312,2017-03-14,14,03,,2017,"{""type"":""MultiPoint"",""coordinates"":[]}"
2_2017_03_30,0.6338060598262324,2017-03-30,30,03,,2017,"{""type"":""MultiPoint"",""coordinates"":[]}"
2_2017_04_15,0.546035755903966,2017-04-15,15,04,,2017,"{""type"":""MultiPoint"",""coordinates"":[]}"
2_2017_05_01,0.5414711656472058,2017-05-01,01,05,,2017,"{""type"":""MultiPoint"",""coordinates"":[]}"
2_2017_05_17,0.6764334932390571,2017-05-17,17,05,,2017,"{""type"":""MultiPoint"",""coordinates"":[]}"
2_2017_06_02,0.7563711455878208,2017-06-02,02,06,,2017,"{""type"":""MultiPoint"",""coordinates"":[]}"
2_2017_06_18,0.752425188030768,2017-06-18,18,06,,2017,"{""type"":""MultiPoint"",""coordinates"":[]}"
2_2017_07_04,0.7487133122475933,2017-07-04,04,07,,2017,"{""type"":""MultiPoint"",""coordinates"":[]}"
2_2017_07_20,0.72569509330553,2017-07-20,20,07,,2017,"{""type"":""MultiPoint"",""coordinates"":[]}"
2_2017_08_05,0.6539343203261626,2017-08-05,05,08,,2017,"{""type"":""MultiPoint"",""coordinates"":[]}"
2_2017_08_21,0.6943307953460847,2017-08-21,21,08,,2017,"{""type"":""MultiPoint"",""coordinates"":[]}"
2_2017_09_06,0.39102757848659536,2017-09-06,06,09,,2017,"{""type"":""MultiPoint"",""coordinates"":[]}"
2_2017_09_22,0.5263750107565945,2017-09-22,22,09,,2017,"{""type"":""MultiPoint"",""coordinates"":[]}"
2_2017_10_08,0.7646408404311871,2017-10-08,08,10,,2017,"{""type"":""MultiPoint"",""coordinates"":[]}"
2_2017_10_24,0.37946724217547245,2017-10-24,24,10,,2017,"{""type"":""MultiPoint"",""coordinates"":[]}"
2_2017_11_09,0.49233519600682263,2017-11-09,09,11,,2017,"{""type"":""MultiPoint"",""coordinates"":[]}"
2_2017_11_25,0.3871531174071054,2017-11-25,25,11,,2017,"{""type"":""MultiPoint"",""coordinates"":[]}"
2_2017_12_11,0.7008138151436598,2017-12-11,11,12,,2017,"{""type"":""MultiPoint"",""coordinates"":[]}"
2_2017_12_27,0.5027072022936394,2017-12-27,27,12,,2017,"{""type"":""MultiPoint"",""coordinates"":[]}"
2_2018_01_09,0.7617077663522068,2018-01-09,09,01,,2018,"{""type"":""MultiPoint"",""coordinates"":[]}"
2_2018_01_25,0.7367553793540054,2018-01-25,25,01,,2018,"{""type"":""MultiPoint"",""coordinates"":[]}"
2_2018_02_10,0.776610159173929,2018-02-10,10,02,,2018,"{""type"":""MultiPoint"",""coordinates"":[]}"
2_2018_02_26,0.6163823574866608,2018-02-26,26,02,,2018,"{""type"":""MultiPoint"",""coordinates"":[]}"
2_2018_03_14,0.6401891188709489,2018-03-14,14,03,,2018,"{""type"":""MultiPoint"",""coordinates"":[]}"
2_2018_03_30,0.6314011422164407,2018-03-30,30,03,,2018,"{""type"":""MultiPoint"",""coordinates"":[]}"
2_2018_04_15,0.5206729926358373,2018-04-15,15,04,,2018,"{""type"":""MultiPoint"",""coordinates"":[]}"
2_2018_05_01,0.5884332963616508,2018-05-01,01,05,,2018,"{""type"":""MultiPoint"",""coordinates"":[]}"
2_2018_05_17,0.5223773040961877,2018-05-17,17,05,,2018,"{""type"":""MultiPoint"",""coordinates"":[]}"
2_2018_06_02,0.7621701636505087,2018-06-02,02,06,,2018,"{""type"":""MultiPoint"",""coordinates"":[]}"
2_2018_06_18,0.695394627121103,2018-06-18,18,06,,2018,"{""type"":""MultiPoint"",""coordinates"":[]}"
2_2018_07_04,0.76249875425699,2018-07-04,04,07,,2018,"{""type"":""MultiPoint"",""coordinates"":[]}"
2_2018_07_20,0.7350014006003989,2018-07-20,20,07,,2018,"{""type"":""MultiPoint"",""coordinates"":[]}"
2_2018_08_05,0.6926404025088986,2018-08-05,05,08,,2018,"{""type"":""MultiPoint"",""coordinates"":[]}"
2_2018_08_21,0.6922144332665154,2018-08-21,21,08,,2018,"{""type"":""MultiPoint"",""coordinates"":[]}"
2_2018_09_06,0.6108347687666096,2018-09-06,06,09,,2018,"{""type"":""MultiPoint"",""coordinates"":[]}"
2_2018_09_22,0.4822895077563211,2018-09-22,22,09,,2018,"{""type"":""MultiPoint"",""coordinates"":[]}"
2_2018_10_08,0.42277481915531206,2018-10-08,08,10,,2018,"{""type"":""MultiPoint"",""coordinates"":[]}"
2_2018_10_24,0.6445051449484016,2018-10-24,24,10,,2018,"{""type"":""MultiPoint"",""coordinates"":[]}"
2_2018_11_09,0.5043938939213037,2018-11-09,09,11,,2018,"{""type"":""MultiPoint"",""coordinates"":[]}"
2_2018_11_25,0.608549129969104,2018-11-25,25,11,,2018,"{""type"":""MultiPoint"",""coordinates"":[]}"
2_2018_12_11,0.49329546858361795,2018-12-11,11,12,,2018,"{""type"":""MultiPoint"",""coordinates"":[]}"
2_2018_12_27,0.6560845093200963,2018-12-27,27,12,,2018,"{""type"":""MultiPoint"",""coordinates"":[]}"
2_2019_01_09,0.7412758593268306,2019-01-09,09,01,,2019,"{""type"":""MultiPoint"",""coordinates"":[]}"
2_2019_01_25,0.6996729572387808,2019-01-25,25,01,,2019,"{""type"":""MultiPoint"",""coordinates"":[]}"
2_2019_02_10,0.7490481331239779,2019-02-10,10,02,,2019,"{""type"":""MultiPoint"",""coordinates"":[]}"
2_2019_02_26,0.6973048342056738,2019-02-26,26,02,,2019,"{""type"":""MultiPoint"",""coordinates"":[]}"
2_2019_03_14,0.7326089102729324,2019-03-14,14,03,,2019,"{""type"":""MultiPoint"",""coordinates"":[]}"
2_2019_03_30,0.7325602828596565,2019-03-30,30,03,,2019,"{""type"":""MultiPoint"",""coordinates"":[]}"
2_2019_04_15,0.5859170578086762,2019-04-15,15,04,,2019,"{""type"":""MultiPoint"",""coordinates"":[]}"
2_2019_05_01,0.7352832104114193,2019-05-01,01,05,,2019,"{""type"":""MultiPoint"",""coordinates"":[]}"
2_2019_05_17,0.5649774403197326,2019-05-17,17,05,,2019,"{""type"":""MultiPoint"",""coordinates"":[]}"
2_2019_06_02,0.7400154288194007,2019-06-02,02,06,,2019,"{""type"":""MultiPoint"",""coordinates"":[]}"
2_2019_06_18,0.7586843378989855,2019-06-18,18,06,,2019,"{""type"":""MultiPoint"",""coordinates"":[]}"
2_2019_07_04,0.7240445067989035,2019-07-04,04,07,,2019,"{""type"":""MultiPoint"",""coordinates"":[]}"
2_2019_07_20,0.7810900021531035,2019-07-20,20,07,,2019,"{""type"":""MultiPoint"",""coordinates"":[]}"
2_2019_08_05,0.7410054004799038,2019-08-05,05,08,,2019,"{""type"":""MultiPoint"",""coordinates"":[]}"
2_2019_08_21,0.7112636357652733,2019-08-21,21,08,,2019,"{""type"":""MultiPoint"",""coordinates"":[]}"
2_2019_09_06,0.4614225508835908,2019-09-06,06,09,,2019,"{""type"":""MultiPoint"",""coordinates"":[]}"
2_2019_09_22,0.4468260779122532,2019-09-22,22,09,,2019,"{""type"":""MultiPoint"",""coordinates"":[]}"
2_2019_10_08,0.4830173990263069,2019-10-08,08,10,,2019,"{""type"":""MultiPoint"",""coordinates"":[]}"
2_2019_10_24,0.5882465722830872,2019-10-24,24,10,,2019,"{""type"":""MultiPoint"",""coordinates"":[]}"
2_2019_11_09,0.5399980320631355,2019-11-09,09,11,,2019,"{""type"":""MultiPoint"",""coordinates"":[]}"
2_2019_11_25,0.4839329963895787,2019-11-25,25,11,,2019,"{""type"":""MultiPoint"",""coordinates"":[]}"
2_2019_12_11,0.6664722883689209,2019-12-11,11,12,,2019,"{""type"":""MultiPoint"",""coordinates"":[]}"
2_2019_12_27,0.7039769927621845,2019-12-27,27,12,,2019,"{""type"":""MultiPoint"",""coordinates"":[]}"
2_2020_01_09,0.6686393229261882,2020-01-09,09,01,,2020,"{""type"":""MultiPoint"",""coordinates"":[]}"
2_2020_01_25,0.6002929739472371,2020-01-25,25,01,,2020,"{""type"":""MultiPoint"",""coordinates"":[]}"
2_2020_02_10,0.6666752272682425,2020-02-10,10,02,,2020,"{""type"":""MultiPoint"",""coordinates"":[]}"
2_2020_02_26,0.6839865940169695,2020-02-26,26,02,,2020,"{""type"":""MultiPoint"",""coordinates"":[]}"
2_2020_03_13,0.7414302330761853,2020-03-13,13,03,,2020,"{""type"":""MultiPoint"",""coordinates"":[]}"
2_2020_03_29,0.5525132844699213,2020-03-29,29,03,,2020,"{""type"":""MultiPoint"",""coordinates"":[]}"
2_2020_04_14,0.6493194093213467,2020-04-14,14,04,,2020,"{""type"":""MultiPoint"",""coordinates"":[]}"
2_2020_04_30,0.414156861136443,2020-04-30,30,04,,2020,"{""type"":""MultiPoint"",""coordinates"":[]}"
2_2020_05_16,0.5969132630866567,2020-05-16,16,05,,2020,"{""type"":""MultiPoint"",""coordinates"":[]}"
2_2020_06_01,0.6080237843374542,2020-06-01,01,06,,2020,"{""type"":""MultiPoint"",""coordinates"":[]}"
2_2020_06_17,0.7454672432742755,2020-06-17,17,06,,2020,"{""type"":""MultiPoint"",""coordinates"":[]}"
2_2020_07_03,0.5997166240472401,2020-07-03,03,07,,2020,"{""type"":""MultiPoint"",""coordinates"":[]}"
2_2020_07_19,0.43437563624259823,2020-07-19,19,07,,2020,"{""type"":""MultiPoint"",""coordinates"":[]}"
2_2020_08_04,0.685995345645054,2020-08-04,04,08,,2020,"{""type"":""MultiPoint"",""coordinates"":[]}"
2_2020_08_20,0.07874310027603902,2020-08-20,20,08,,2020,"{""type"":""MultiPoint"",""coordinates"":[]}"
2_2020_09_05,0.6726817686872193,2020-09-05,05,09,,2020,"{""type"":""MultiPoint"",""coordinates"":[]}"
2_2020_09_21,0.5970866907636119,2020-09-21,21,09,,2020,"{""type"":""MultiPoint"",""coordinates"":[]}"
2_2020_10_07,0.4612528063111122,2020-10-07,07,10,,2020,"{""type"":""MultiPoint"",""coordinates"":[]}"
2_2020_10_23,0.5146131741447861,2020-10-23,23,10,,2020,"{""type"":""MultiPoint"",""coordinates"":[]}"
2_2020_11_08,0.5130838355617846,2020-11-08,08,11,,2020,"{""type"":""MultiPoint"",""coordinates"":[]}"
2_2020_11_24,0.5448007995817493,2020-11-24,24,11,,2020,"{""type"":""MultiPoint"",""coordinates"":[]}"
2_2020_12_10,0.5849688548145447,2020-12-10,10,12,,2020,"{""type"":""MultiPoint"",""coordinates"":[]}"
2_2020_12_26,0.6216437298592,2020-12-26,26,12,,2020,"{""type"":""MultiPoint"",""coordinates"":[]}"
2_2021_01_09,0.6100059976678384,2021-01-09,09,01,,2021,"{""type"":""MultiPoint"",""coordinates"":[]}"
2_2021_01_25,0.5959492209504341,2021-01-25,25,01,,2021,"{""type"":""MultiPoint"",""coordinates"":[]}"
2_2021_02_10,0.7532938997801756,2021-02-10,10,02,,2021,"{""type"":""MultiPoint"",""coordinates"":[]}"
2_2021_02_26,0.7256233271415874,2021-02-26,26,02,,2021,"{""type"":""MultiPoint"",""coordinates"":[]}"
2_2021_03_14,0.5838347225851497,2021-03-14,14,03,,2021,"{""type"":""MultiPoint"",""coordinates"":[]}"
2_2021_03_30,0.5833747646853614,2021-03-30,30,03,,2021,"{""type"":""MultiPoint"",""coordinates"":[]}"
2_2021_04_15,0.6912356698176259,2021-04-15,15,04,,2021,"{""type"":""MultiPoint"",""coordinates"":[]}"
2_2021_05_01,0.5335784683509595,2021-05-01,01,05,,2021,"{""type"":""MultiPoint"",""coordinates"":[]}"
2_2021_05_17,0.6430084785901629,2021-05-17,17,05,,2021,"{""type"":""MultiPoint"",""coordinates"":[]}"
2_2021_06_02,0.7612814386517903,2021-06-02,02,06,,2021,"{""type"":""MultiPoint"",""coordinates"":[]}"
2_2021_06_18,0.7465809005678833,2021-06-18,18,06,,2021,"{""type"":""MultiPoint"",""coordinates"":[]}"
2_2021_07_04,0.7200049121470442,2021-07-04,04,07,,2021,"{""type"":""MultiPoint"",""coordinates"":[]}"
2_2021_07_20,0.7409386315888892,2021-07-20,20,07,,2021,"{""type"":""MultiPoint"",""coordinates"":[]}"
2_2021_08_05,0.7134363438074784,2021-08-05,05,08,,2021,"{""type"":""MultiPoint"",""coordinates"":[]}"
2_2021_08_21,0.7171228904424098,2021-08-21,21,08,,2021,"{""type"":""MultiPoint"",""coordinates"":[]}"
2_2021_09_06,0.6542069329714848,2021-09-06,06,09,,2021,"{""type"":""MultiPoint"",""coordinates"":[]}"
2_2021_09_22,0.7580225163854787,2021-09-22,22,09,,2021,"{""type"":""MultiPoint"",""coordinates"":[]}"
2_2021_10_08,0.6788095271676934,2021-10-08,08,10,,2021,"{""type"":""MultiPoint"",""coordinates"":[]}"
2_2021_10_24,0.3629536965789685,2021-10-24,24,10,,2021,"{""type"":""MultiPoint"",""coordinates"":[]}"
2_2021_11_09,0.4134823364816753,2021-11-09,09,11,,2021,"{""type"":""MultiPoint"",""coordinates"":[]}"
2_2021_11_25,0.6518234583179979,2021-11-25,25,11,,2021,"{""type"":""MultiPoint"",""coordinates"":[]}"
2_2021_12_11,0.7452832908382362,2021-12-11,11,12,,2021,"{""type"":""MultiPoint"",""coordinates"":[]}"
2_2021_12_27,0.633003785247937,2021-12-27,27,12,,2021,"{""type"":""MultiPoint"",""coordinates"":[]}"
2_2022_01_09,0.7041600674992671,2022-01-09,09,01,,2022,"{""type"":""MultiPoint"",""coordinates"":[]}"
2_2022_01_25,0.6235027651871813,2022-01-25,25,01,,2022,"{""type"":""MultiPoint"",""coordinates"":[]}"
2_2022_02_10,0.6162621149991833,2022-02-10,10,02,,2022,"{""type"":""MultiPoint"",""coordinates"":[]}"
2_2022_02_26,0.5934613868205261,2022-02-26,26,02,,2022,"{""type"":""MultiPoint"",""coordinates"":[]}"
2_2022_03_14,0.5522713395700686,2022-03-14,14,03,,2022,"{""type"":""MultiPoint"",""coordinates"":[]}"
2_2022_03_30,0.2803207387373743,2022-03-30,30,03,,2022,"{""type"":""MultiPoint"",""coordinates"":[]}"
2_2022_04_15,0.6296969581907086,2022-04-15,15,04,,2022,"{""type"":""MultiPoint"",""coordinates"":[]}"
2_2022_05_01,0.6672381005537676,2022-05-01,01,05,,2022,"{""type"":""MultiPoint"",""coordinates"":[]}"
2_2022_05_17,0.7539812094501043,2022-05-17,17,05,,2022,"{""type"":""MultiPoint"",""coordinates"":[]}"
2_2022_06_02,0.648390967725711,2022-06-02,02,06,,2022,"{""type"":""MultiPoint"",""coordinates"":[]}"
2_2022_06_18,0.716217518915165,2022-06-18,18,06,,2022,"{""type"":""MultiPoint"",""coordinates"":[]}"
2_2022_07_04,0.7714248657640781,2022-07-04,04,07,,2022,"{""type"":""MultiPoint"",""coordinates"":[]}"
2_2022_07_20,0.6507979336348334,2022-07-20,20,07,,2022,"{""type"":""MultiPoint"",""coordinates"":[]}"
2_2022_08_05,0.7742683277091013,2022-08-05,05,08,,2022,"{""type"":""MultiPoint"",""coordinates"":[]}"
2_2022_08_21,0.5637148957127097,2022-08-21,21,08,,2022,"{""type"":""MultiPoint"",""coordinates"":[]}"
2_2022_09_06,0.7496453171502789,2022-09-06,06,09,,2022,"{""type"":""MultiPoint"",""coordinates"":[]}"
2_2022_09_22,0.41469208450322353,2022-09-22,22,09,,2022,"{""type"":""MultiPoint"",""coordinates"":[]}"
2_2022_10_08,0.5598069512105959,2022-10-08,08,10,,2022,"{""type"":""MultiPoint"",""coordinates"":[]}"
2_2022_10_24,0.4704258495526352,2022-10-24,24,10,,2022,"{""type"":""MultiPoint"",""coordinates"":[]}"
2_2022_11_09,0.526801347519173,2022-11-09,09,11,,2022,"{""type"":""MultiPoint"",""coordinates"":[]}"
2_2022_11_25,0.49248339128278357,2022-11-25,25,11,,2022,"{""type"":""MultiPoint"",""coordinates"":[]}"
2_2022_12_11,0.5606946446499806,2022-12-11,11,12,,2022,"{""type"":""MultiPoint"",""coordinates"":[]}"
2_2022_12_27,0.5222903156832268,2022-12-27,27,12,,2022,"{""type"":""MultiPoint"",""coordinates"":[]}"
2_2023_01_09,0.5310737765882085,2023-01-09,09,01,,2023,"{""type"":""MultiPoint"",""coordinates"":[]}"
2_2023_01_25,0.5230870168215376,2023-01-25,25,01,,2023,"{""type"":""MultiPoint"",""coordinates"":[]}"
2_2023_02_10,0.6696968098078991,2023-02-10,10,02,,2023,"{""type"":""MultiPoint"",""coordinates"":[]}"
2_2023_02_26,0.6436267692984712,2023-02-26,26,02,,2023,"{""type"":""MultiPoint"",""coordinates"":[]}"
2_2023_03_14,0.6081985522677382,2023-03-14,14,03,,2023,"{""type"":""MultiPoint"",""coordinates"":[]}"
2_2023_03_30,0.7385128688260586,2023-03-30,30,03,,2023,"{""type"":""MultiPoint"",""coordinates"":[]}"
2_2023_04_15,0.5841671160305983,2023-04-15,15,04,,2023,"{""type"":""MultiPoint"",""coordinates"":[]}"
2_2023_05_01,0.7165755800883485,2023-05-01,01,05,,2023,"{""type"":""MultiPoint"",""coordinates"":[]}"
2_2023_05_17,0.7846537594767188,2023-05-17,17,05,,2023,"{""type"":""MultiPoint"",""coordinates"":[]}"
2_2023_06_02,0.7596111130978773,2023-06-02,02,06,,2023,"{""type"":""MultiPoint"",""coordinates"":[]}"
2_2023_06_18,0.7560629216720447,2023-06-18,18,06,,2023,"{""type"":""MultiPoint"",""coordinates"":[]}"
2_2023_07_04,0.7591646679020538,2023-07-04,04,07,,2023,"{""type"":""MultiPoint"",""coordinates"":[]}"
2_2023_07_20,0.7376448629950955,2023-07-20,20,07,,2023,"{""type"":""MultiPoint"",""coordinates"":[]}"
2_2023_08_05,0.6699439311872915,2023-08-05,05,08,,2023,"{""type"":""MultiPoint"",""coordinates"":[]}"
2_2023_08_21,0.6597999589216678,2023-08-21,21,08,,2023,"{""type"":""MultiPoint"",""coordinates"":[]}"
2_2023_09_06,0.6931789431532955,2023-09-06,06,09,,2023,"{""type"":""MultiPoint"",""coordinates"":[]}"
2_2023_09_22,0.7217210766463144,2023-09-22,22,09,,2023,"{""type"":""MultiPoint"",""coordinates"":[]}"
2_2023_10_08,0.33044553256961423,2023-10-08,08,10,,2023,"{""type"":""MultiPoint"",""coordinates"":[]}"
2_2023_10_24,0.48087728927616147,2023-10-24,24,10,,2023,"{""type"":""MultiPoint"",""coordinates"":[]}"
2_2023_11_09,0.4937525528294987,2023-11-09,09,11,,2023,"{""type"":""MultiPoint"",""coordinates"":[]}"
2_2023_11_25,0.3762165968254624,2023-11-25,25,11,,2023,"{""type"":""MultiPoint"",""coordinates"":[]}"
2_2023_12_11,0.6762689944984481,2023-12-11,11,12,,2023,"{""type"":""MultiPoint"",""coordinates"":[]}"
2_2023_12_27,0.6245150809666622,2023-12-27,27,12,,2023,"{""type"":""MultiPoint"",""coordinates"":[]}"
2_2024_01_09,0.7485932753362626,2024-01-09,09,01,,2024,"{""type"":""MultiPoint"",""coordinates"":[]}"
2_2024_01_25,,2024-01-25,25,01,,2024,"{""type"":""MultiPoint"",""coordinates"":[]}"
2_2024_02_10,0.7086542657380103,2024-02-10,10,02,,2024,"{""type"":""MultiPoint"",""coordinates"":[]}"
2_2024_02_26,0.6737895645241287,2024-02-26,26,02,,2024,"{""type"":""MultiPoint"",""coordinates"":[]}"
2_2024_03_13,0.6882871620696963,2024-03-13,13,03,,2024,"{""type"":""MultiPoint"",""coordinates"":[]}"
2_2024_03_29,0.6291258790710351,2024-03-29,29,03,,2024,"{""type"":""MultiPoint"",""coordinates"":[]}"
2_2024_04_14,0.4909428171327567,2024-04-14,14,04,,2024,"{""type"":""MultiPoint"",""coordinates"":[]}"
2_2024_04_30,0.5156407456105354,2024-04-30,30,04,,2024,"{""type"":""MultiPoint"",""coordinates"":[]}"
2_2024_05_16,0.5552428269348878,2024-05-16,16,05,,2024,"{""type"":""MultiPoint"",""coordinates"":[]}"
2_2024_06_01,0.8033480555135558,2024-06-01,01,06,,2024,"{""type"":""MultiPoint"",""coordinates"":[]}"
2_2024_06_17,0.7577062069545218,2024-06-17,17,06,,2024,"{""type"":""MultiPoint"",""coordinates"":[]}"
2_2024_07_03,0.6982533200397949,2024-07-03,03,07,,2024,"{""type"":""MultiPoint"",""coordinates"":[]}"
2_2024_07_19,0.7606449268520634,2024-07-19,19,07,,2024,"{""type"":""MultiPoint"",""coordinates"":[]}"
2_2024_08_04,0.6208578861369956,2024-08-04,04,08,,2024,"{""type"":""MultiPoint"",""coordinates"":[]}"
2_2024_08_20,0.7048781866892676,2024-08-20,20,08,,2024,"{""type"":""MultiPoint"",""coordinates"":[]}"
2_2024_09_05,0.4815932041346786,2024-09-05,05,09,,2024,"{""type"":""MultiPoint"",""coordinates"":[]}"
2_2024_09_21,0.6115497358585843,2024-09-21,21,09,,2024,"{""type"":""MultiPoint"",""coordinates"":[]}"
2_2024_10_07,0.7802421991351025,2024-10-07,07,10,,2024,"{""type"":""MultiPoint"",""coordinates"":[]}"
2_2024_10_23,0.7349377694718894,2024-10-23,23,10,,2024,"{""type"":""MultiPoint"",""coordinates"":[]}"
2_2024_11_08,0.48681076503709925,2024-11-08,08,11,,2024,"{""type"":""MultiPoint"",""coordinates"":[]}"
2_2024_11_24,0.42088814278855485,2024-11-24,24,11,,2024,"{""type"":""MultiPoint"",""coordinates"":[]}"
2_2024_12_10,0.4903001961267834,2024-12-10,10,12,,2024,"{""type"":""MultiPoint"",""coordinates"":[]}"
2_2024_12_26,0.7511454846820064,2024-12-26,26,12,,2024,"{""type"":""MultiPoint"",""coordinates"":[]}"
2_2025_01_09,0.6750347036692705,2025-01-09,09,01,,2025,"{""type"":""MultiPoint"",""coordinates"":[]}"
2_2025_01_25,0.6641066561885062,2025-01-25,25,01,,2025,"{""type"":""MultiPoint"",""coordinates"":[]}"
2_2025_02_10,0.6509273358854056,2025-02-10,10,02,,2025,"{""type"":""MultiPoint"",""coordinates"":[]}"
2_2025_02_26,0.6524790651097794,2025-02-26,26,02,,2025,"{""type"":""MultiPoint"",""coordinates"":[]}"
2_2025_03_14,0.48658862233252603,2025-03-14,14,03,,2025,"{""type"":""MultiPoint"",""coordinates"":[]}"
2_2025_03_30,0.45323979367152817,2025-03-30,30,03,,2025,"{""type"":""MultiPoint"",""coordinates"":[]}"
