system:index,EVI,date,day,month,satellite,year,.geo
1_2005_01_01,0.5227328551652424,2005-01-01,01,01,,2005,"{""type"":""MultiPoint"",""coordinates"":[]}"
1_2005_01_17,0.5203725351992827,2005-01-17,17,01,,2005,"{""type"":""MultiPoint"",""coordinates"":[]}"
1_2005_02_02,0.49774308706124243,2005-02-02,02,02,,2005,"{""type"":""MultiPoint"",""coordinates"":[]}"
1_2005_02_18,0.4594219207831289,2005-02-18,18,02,,2005,"{""type"":""MultiPoint"",""coordinates"":[]}"
1_2005_03_06,0.4779586352289381,2005-03-06,06,03,,2005,"{""type"":""MultiPoint"",""coordinates"":[]}"
1_2005_03_22,0.48585943132980747,2005-03-22,22,03,,2005,"{""type"":""MultiPoint"",""coordinates"":[]}"
1_2005_04_07,0.4775040172168197,2005-04-07,07,04,,2005,"{""type"":""MultiPoint"",""coordinates"":[]}"
1_2005_04_23,0.4456001474712778,2005-04-23,23,04,,2005,"{""type"":""MultiPoint"",""coordinates"":[]}"
1_2005_05_09,0.47999027693811064,2005-05-09,09,05,,2005,"{""type"":""MultiPoint"",""coordinates"":[]}"
1_2005_05_25,0.47963719524979354,2005-05-25,25,05,,2005,"{""type"":""MultiPoint"",""coordinates"":[]}"
1_2005_06_10,0.48911242087321327,2005-06-10,10,06,,2005,"{""type"":""MultiPoint"",""coordinates"":[]}"
1_2005_06_26,0.5128360270170411,2005-06-26,26,06,,2005,"{""type"":""MultiPoint"",""coordinates"":[]}"
1_2005_07_12,0.4978749260239559,2005-07-12,12,07,,2005,"{""type"":""MultiPoint"",""coordinates"":[]}"
1_2005_07_28,0.5024239245810549,2005-07-28,28,07,,2005,"{""type"":""MultiPoint"",""coordinates"":[]}"
1_2005_08_13,0.44875334428097075,2005-08-13,13,08,,2005,"{""type"":""MultiPoint"",""coordinates"":[]}"
1_2005_08_29,0.435775652133903,2005-08-29,29,08,,2005,"{""type"":""MultiPoint"",""coordinates"":[]}"
1_2005_09_14,0.48741369320857764,2005-09-14,14,09,,2005,"{""type"":""MultiPoint"",""coordinates"":[]}"
1_2005_09_30,0.3720702873400984,2005-09-30,30,09,,2005,"{""type"":""MultiPoint"",""coordinates"":[]}"
1_2005_10_16,0.4653579465998598,2005-10-16,16,10,,2005,"{""type"":""MultiPoint"",""coordinates"":[]}"
1_2005_11_01,0.4993722752185762,2005-11-01,01,11,,2005,"{""type"":""MultiPoint"",""coordinates"":[]}"
1_2005_11_17,0.386543034257994,2005-11-17,17,11,,2005,"{""type"":""MultiPoint"",""coordinates"":[]}"
1_2005_12_03,0.4455513793843932,2005-12-03,03,12,,2005,"{""type"":""MultiPoint"",""coordinates"":[]}"
1_2005_12_19,0.43239467357615774,2005-12-19,19,12,,2005,"{""type"":""MultiPoint"",""coordinates"":[]}"
1_2006_01_01,0.4005063293685853,2006-01-01,01,01,,2006,"{""type"":""MultiPoint"",""coordinates"":[]}"
1_2006_01_17,0.48495715788210997,2006-01-17,17,01,,2006,"{""type"":""MultiPoint"",""coordinates"":[]}"
1_2006_02_02,0.45284102695724604,2006-02-02,02,02,,2006,"{""type"":""MultiPoint"",""coordinates"":[]}"
1_2006_02_18,0.4612040961369829,2006-02-18,18,02,,2006,"{""type"":""MultiPoint"",""coordinates"":[]}"
1_2006_03_06,0.5034969500883075,2006-03-06,06,03,,2006,"{""type"":""MultiPoint"",""coordinates"":[]}"
1_2006_03_22,0.4713957750282729,2006-03-22,22,03,,2006,"{""type"":""MultiPoint"",""coordinates"":[]}"
1_2006_04_07,0.39969589202366396,2006-04-07,07,04,,2006,"{""type"":""MultiPoint"",""coordinates"":[]}"
1_2006_04_23,0.44158350683535236,2006-04-23,23,04,,2006,"{""type"":""MultiPoint"",""coordinates"":[]}"
1_2006_05_09,0.47026644384975647,2006-05-09,09,05,,2006,"{""type"":""MultiPoint"",""coordinates"":[]}"
1_2006_05_25,0.510957741281375,2006-05-25,25,05,,2006,"{""type"":""MultiPoint"",""coordinates"":[]}"
1_2006_06_10,0.4803277545386746,2006-06-10,10,06,,2006,"{""type"":""MultiPoint"",""coordinates"":[]}"
1_2006_06_26,0.5350706473084295,2006-06-26,26,06,,2006,"{""type"":""MultiPoint"",""coordinates"":[]}"
1_2006_07_12,0.5425137356982939,2006-07-12,12,07,,2006,"{""type"":""MultiPoint"",""coordinates"":[]}"
1_2006_07_28,0.5246028650011751,2006-07-28,28,07,,2006,"{""type"":""MultiPoint"",""coordinates"":[]}"
1_2006_08_13,0.5100318038837391,2006-08-13,13,08,,2006,"{""type"":""MultiPoint"",""coordinates"":[]}"
1_2006_08_29,0.3747073543052611,2006-08-29,29,08,,2006,"{""type"":""MultiPoint"",""coordinates"":[]}"
1_2006_09_14,0.5408685740089794,2006-09-14,14,09,,2006,"{""type"":""MultiPoint"",""coordinates"":[]}"
1_2006_09_30,0.509495652116943,2006-09-30,30,09,,2006,"{""type"":""MultiPoint"",""coordinates"":[]}"
1_2006_10_16,0.39003486751681365,2006-10-16,16,10,,2006,"{""type"":""MultiPoint"",""coordinates"":[]}"
1_2006_11_01,0.454052835889873,2006-11-01,01,11,,2006,"{""type"":""MultiPoint"",""coordinates"":[]}"
1_2006_11_17,0.4593060878148835,2006-11-17,17,11,,2006,"{""type"":""MultiPoint"",""coordinates"":[]}"
1_2006_12_03,0.42252267790022086,2006-12-03,03,12,,2006,"{""type"":""MultiPoint"",""coordinates"":[]}"
1_2006_12_19,0.3266207123256759,2006-12-19,19,12,,2006,"{""type"":""MultiPoint"",""coordinates"":[]}"
1_2007_01_01,0.4144182239604469,2007-01-01,01,01,,2007,"{""type"":""MultiPoint"",""coordinates"":[]}"
1_2007_01_17,0.4906573874177741,2007-01-17,17,01,,2007,"{""type"":""MultiPoint"",""coordinates"":[]}"
1_2007_02_02,0.4812286124351792,2007-02-02,02,02,,2007,"{""type"":""MultiPoint"",""coordinates"":[]}"
1_2007_02_18,0.45841365246846894,2007-02-18,18,02,,2007,"{""type"":""MultiPoint"",""coordinates"":[]}"
1_2007_03_06,0.505786433457531,2007-03-06,06,03,,2007,"{""type"":""MultiPoint"",""coordinates"":[]}"
1_2007_03_22,0.47931027157631345,2007-03-22,22,03,,2007,"{""type"":""MultiPoint"",""coordinates"":[]}"
1_2007_04_07,0.4477421374596367,2007-04-07,07,04,,2007,"{""type"":""MultiPoint"",""coordinates"":[]}"
1_2007_04_23,0.43928522817289656,2007-04-23,23,04,,2007,"{""type"":""MultiPoint"",""coordinates"":[]}"
1_2007_05_09,0.4675904903146234,2007-05-09,09,05,,2007,"{""type"":""MultiPoint"",""coordinates"":[]}"
1_2007_05_25,0.45079760234515276,2007-05-25,25,05,,2007,"{""type"":""MultiPoint"",""coordinates"":[]}"
1_2007_06_10,0.5097907937601622,2007-06-10,10,06,,2007,"{""type"":""MultiPoint"",""coordinates"":[]}"
1_2007_06_26,0.5167833523609278,2007-06-26,26,06,,2007,"{""type"":""MultiPoint"",""coordinates"":[]}"
1_2007_07_12,0.5132731446545847,2007-07-12,12,07,,2007,"{""type"":""MultiPoint"",""coordinates"":[]}"
1_2007_07_28,0.5101984536137572,2007-07-28,28,07,,2007,"{""type"":""MultiPoint"",""coordinates"":[]}"
1_2007_08_13,0.5342910200135931,2007-08-13,13,08,,2007,"{""type"":""MultiPoint"",""coordinates"":[]}"
1_2007_08_29,0.43953295645200585,2007-08-29,29,08,,2007,"{""type"":""MultiPoint"",""coordinates"":[]}"
1_2007_09_14,0.5343707351898611,2007-09-14,14,09,,2007,"{""type"":""MultiPoint"",""coordinates"":[]}"
1_2007_09_30,0.3725186820218165,2007-09-30,30,09,,2007,"{""type"":""MultiPoint"",""coordinates"":[]}"
1_2007_10_16,0.46236454855118053,2007-10-16,16,10,,2007,"{""type"":""MultiPoint"",""coordinates"":[]}"
1_2007_11_01,0.4354268056009195,2007-11-01,01,11,,2007,"{""type"":""MultiPoint"",""coordinates"":[]}"
1_2007_11_17,0.4689411182571264,2007-11-17,17,11,,2007,"{""type"":""MultiPoint"",""coordinates"":[]}"
1_2007_12_03,0.3965036545723311,2007-12-03,03,12,,2007,"{""type"":""MultiPoint"",""coordinates"":[]}"
1_2007_12_19,0.4503539144252129,2007-12-19,19,12,,2007,"{""type"":""MultiPoint"",""coordinates"":[]}"
1_2008_01_01,0.445240711476799,2008-01-01,01,01,,2008,"{""type"":""MultiPoint"",""coordinates"":[]}"
1_2008_01_17,0.4043961746938715,2008-01-17,17,01,,2008,"{""type"":""MultiPoint"",""coordinates"":[]}"
1_2008_02_02,0.5325228277620989,2008-02-02,02,02,,2008,"{""type"":""MultiPoint"",""coordinates"":[]}"
1_2008_02_18,0.38627864539596163,2008-02-18,18,02,,2008,"{""type"":""MultiPoint"",""coordinates"":[]}"
1_2008_03_05,0.428588100525724,2008-03-05,05,03,,2008,"{""type"":""MultiPoint"",""coordinates"":[]}"
1_2008_03_21,0.5445927397658857,2008-03-21,21,03,,2008,"{""type"":""MultiPoint"",""coordinates"":[]}"
1_2008_04_06,0.39391462956485945,2008-04-06,06,04,,2008,"{""type"":""MultiPoint"",""coordinates"":[]}"
1_2008_04_22,0.42132779651656593,2008-04-22,22,04,,2008,"{""type"":""MultiPoint"",""coordinates"":[]}"
1_2008_05_08,0.5130069447036322,2008-05-08,08,05,,2008,"{""type"":""MultiPoint"",""coordinates"":[]}"
1_2008_05_24,0.4851723863321124,2008-05-24,24,05,,2008,"{""type"":""MultiPoint"",""coordinates"":[]}"
1_2008_06_09,0.46855780393875074,2008-06-09,09,06,,2008,"{""type"":""MultiPoint"",""coordinates"":[]}"
1_2008_06_25,0.4215855229802301,2008-06-25,25,06,,2008,"{""type"":""MultiPoint"",""coordinates"":[]}"
1_2008_07_11,0.483660680830951,2008-07-11,11,07,,2008,"{""type"":""MultiPoint"",""coordinates"":[]}"
1_2008_07_27,0.49112040983722594,2008-07-27,27,07,,2008,"{""type"":""MultiPoint"",""coordinates"":[]}"
1_2008_08_12,0.5191796156273182,2008-08-12,12,08,,2008,"{""type"":""MultiPoint"",""coordinates"":[]}"
1_2008_08_28,0.49546374323595027,2008-08-28,28,08,,2008,"{""type"":""MultiPoint"",""coordinates"":[]}"
1_2008_09_13,0.506699290899442,2008-09-13,13,09,,2008,"{""type"":""MultiPoint"",""coordinates"":[]}"
1_2008_09_29,0.4057801348002244,2008-09-29,29,09,,2008,"{""type"":""MultiPoint"",""coordinates"":[]}"
1_2008_10_15,0.5110076655987694,2008-10-15,15,10,,2008,"{""type"":""MultiPoint"",""coordinates"":[]}"
1_2008_10_31,0.46799781435016496,2008-10-31,31,10,,2008,"{""type"":""MultiPoint"",""coordinates"":[]}"
1_2008_11_16,0.21078332816411643,2008-11-16,16,11,,2008,"{""type"":""MultiPoint"",""coordinates"":[]}"
1_2008_12_02,0.29831639257069315,2008-12-02,02,12,,2008,"{""type"":""MultiPoint"",""coordinates"":[]}"
1_2008_12_18,0.43388655590921366,2008-12-18,18,12,,2008,"{""type"":""MultiPoint"",""coordinates"":[]}"
1_2009_01_01,0.4458519561152581,2009-01-01,01,01,,2009,"{""type"":""MultiPoint"",""coordinates"":[]}"
1_2009_01_17,0.43407409815528025,2009-01-17,17,01,,2009,"{""type"":""MultiPoint"",""coordinates"":[]}"
1_2009_02_02,0.45877341665533183,2009-02-02,02,02,,2009,"{""type"":""MultiPoint"",""coordinates"":[]}"
1_2009_02_18,0.46969949605239275,2009-02-18,18,02,,2009,"{""type"":""MultiPoint"",""coordinates"":[]}"
1_2009_03_06,0.4454758213834652,2009-03-06,06,03,,2009,"{""type"":""MultiPoint"",""coordinates"":[]}"
1_2009_03_22,0.49568335970356286,2009-03-22,22,03,,2009,"{""type"":""MultiPoint"",""coordinates"":[]}"
1_2009_04_07,0.4745318405633433,2009-04-07,07,04,,2009,"{""type"":""MultiPoint"",""coordinates"":[]}"
1_2009_04_23,0.5446213709903485,2009-04-23,23,04,,2009,"{""type"":""MultiPoint"",""coordinates"":[]}"
1_2009_05_09,0.4878389444619196,2009-05-09,09,05,,2009,"{""type"":""MultiPoint"",""coordinates"":[]}"
1_2009_05_25,0.4881851960186553,2009-05-25,25,05,,2009,"{""type"":""MultiPoint"",""coordinates"":[]}"
1_2009_06_10,0.5089613042706015,2009-06-10,10,06,,2009,"{""type"":""MultiPoint"",""coordinates"":[]}"
1_2009_06_26,0.47751850322798706,2009-06-26,26,06,,2009,"{""type"":""MultiPoint"",""coordinates"":[]}"
1_2009_07_12,0.4777226061121627,2009-07-12,12,07,,2009,"{""type"":""MultiPoint"",""coordinates"":[]}"
1_2009_07_28,0.46907802106862856,2009-07-28,28,07,,2009,"{""type"":""MultiPoint"",""coordinates"":[]}"
1_2009_08_13,0.46888768102786316,2009-08-13,13,08,,2009,"{""type"":""MultiPoint"",""coordinates"":[]}"
1_2009_08_29,0.5028206930327375,2009-08-29,29,08,,2009,"{""type"":""MultiPoint"",""coordinates"":[]}"
1_2009_09_14,0.5464527979985973,2009-09-14,14,09,,2009,"{""type"":""MultiPoint"",""coordinates"":[]}"
1_2009_09_30,0.4502136969965473,2009-09-30,30,09,,2009,"{""type"":""MultiPoint"",""coordinates"":[]}"
1_2009_10_16,0.4771622845600522,2009-10-16,16,10,,2009,"{""type"":""MultiPoint"",""coordinates"":[]}"
1_2009_11_01,0.4444119507387507,2009-11-01,01,11,,2009,"{""type"":""MultiPoint"",""coordinates"":[]}"
1_2009_11_17,0.45555778903925237,2009-11-17,17,11,,2009,"{""type"":""MultiPoint"",""coordinates"":[]}"
1_2009_12_03,0.46835030547386963,2009-12-03,03,12,,2009,"{""type"":""MultiPoint"",""coordinates"":[]}"
1_2009_12_19,0.37629608794304276,2009-12-19,19,12,,2009,"{""type"":""MultiPoint"",""coordinates"":[]}"
1_2010_01_01,0.4840781521257191,2010-01-01,01,01,,2010,"{""type"":""MultiPoint"",""coordinates"":[]}"
1_2010_01_17,0.4704096260542117,2010-01-17,17,01,,2010,"{""type"":""MultiPoint"",""coordinates"":[]}"
1_2010_02_02,0.4930572190867744,2010-02-02,02,02,,2010,"{""type"":""MultiPoint"",""coordinates"":[]}"
1_2010_02_18,0.5158061312580572,2010-02-18,18,02,,2010,"{""type"":""MultiPoint"",""coordinates"":[]}"
1_2010_03_06,0.49917581413467316,2010-03-06,06,03,,2010,"{""type"":""MultiPoint"",""coordinates"":[]}"
1_2010_03_22,0.4697798206621828,2010-03-22,22,03,,2010,"{""type"":""MultiPoint"",""coordinates"":[]}"
1_2010_04_07,0.5219671323662652,2010-04-07,07,04,,2010,"{""type"":""MultiPoint"",""coordinates"":[]}"
1_2010_04_23,0.5213524875360229,2010-04-23,23,04,,2010,"{""type"":""MultiPoint"",""coordinates"":[]}"
1_2010_05_09,0.42661687016325106,2010-05-09,09,05,,2010,"{""type"":""MultiPoint"",""coordinates"":[]}"
1_2010_05_25,0.48470088148492074,2010-05-25,25,05,,2010,"{""type"":""MultiPoint"",""coordinates"":[]}"
1_2010_06_10,0.4716427116685599,2010-06-10,10,06,,2010,"{""type"":""MultiPoint"",""coordinates"":[]}"
1_2010_06_26,0.481038507910035,2010-06-26,26,06,,2010,"{""type"":""MultiPoint"",""coordinates"":[]}"
1_2010_07_12,0.47449886149093956,2010-07-12,12,07,,2010,"{""type"":""MultiPoint"",""coordinates"":[]}"
1_2010_07_28,0.5363723284751774,2010-07-28,28,07,,2010,"{""type"":""MultiPoint"",""coordinates"":[]}"
1_2010_08_13,0.5877069422250106,2010-08-13,13,08,,2010,"{""type"":""MultiPoint"",""coordinates"":[]}"
1_2010_08_29,0.5277977251625829,2010-08-29,29,08,,2010,"{""type"":""MultiPoint"",""coordinates"":[]}"
1_2010_09_14,0.4922921637774977,2010-09-14,14,09,,2010,"{""type"":""MultiPoint"",""coordinates"":[]}"
1_2010_09_30,0.45249731320707637,2010-09-30,30,09,,2010,"{""type"":""MultiPoint"",""coordinates"":[]}"
1_2010_10_16,0.4657575224455811,2010-10-16,16,10,,2010,"{""type"":""MultiPoint"",""coordinates"":[]}"
1_2010_11_01,0.25171729844425433,2010-11-01,01,11,,2010,"{""type"":""MultiPoint"",""coordinates"":[]}"
1_2010_11_17,0.3370400239328844,2010-11-17,17,11,,2010,"{""type"":""MultiPoint"",""coordinates"":[]}"
1_2010_12_03,0.38860547084206737,2010-12-03,03,12,,2010,"{""type"":""MultiPoint"",""coordinates"":[]}"
1_2010_12_19,0.38181494328674054,2010-12-19,19,12,,2010,"{""type"":""MultiPoint"",""coordinates"":[]}"
1_2011_01_01,0.5313019421593704,2011-01-01,01,01,,2011,"{""type"":""MultiPoint"",""coordinates"":[]}"
1_2011_01_17,0.5054543724609403,2011-01-17,17,01,,2011,"{""type"":""MultiPoint"",""coordinates"":[]}"
1_2011_02_02,0.5241408974229718,2011-02-02,02,02,,2011,"{""type"":""MultiPoint"",""coordinates"":[]}"
1_2011_02_18,0.48832194855167205,2011-02-18,18,02,,2011,"{""type"":""MultiPoint"",""coordinates"":[]}"
1_2011_03_06,0.471197115022046,2011-03-06,06,03,,2011,"{""type"":""MultiPoint"",""coordinates"":[]}"
1_2011_03_22,0.491364514725393,2011-03-22,22,03,,2011,"{""type"":""MultiPoint"",""coordinates"":[]}"
1_2011_04_07,0.4905439807102257,2011-04-07,07,04,,2011,"{""type"":""MultiPoint"",""coordinates"":[]}"
1_2011_04_23,0.443540931587236,2011-04-23,23,04,,2011,"{""type"":""MultiPoint"",""coordinates"":[]}"
1_2011_05_09,0.4879922136342253,2011-05-09,09,05,,2011,"{""type"":""MultiPoint"",""coordinates"":[]}"
1_2011_05_25,0.4755400200255553,2011-05-25,25,05,,2011,"{""type"":""MultiPoint"",""coordinates"":[]}"
1_2011_06_10,0.5160443602578031,2011-06-10,10,06,,2011,"{""type"":""MultiPoint"",""coordinates"":[]}"
1_2011_06_26,0.44883214359810564,2011-06-26,26,06,,2011,"{""type"":""MultiPoint"",""coordinates"":[]}"
1_2011_07_12,0.47557117662073195,2011-07-12,12,07,,2011,"{""type"":""MultiPoint"",""coordinates"":[]}"
1_2011_07_28,0.511930797774647,2011-07-28,28,07,,2011,"{""type"":""MultiPoint"",""coordinates"":[]}"
1_2011_08_13,0.4442070439930818,2011-08-13,13,08,,2011,"{""type"":""MultiPoint"",""coordinates"":[]}"
1_2011_08_29,0.4940393746082546,2011-08-29,29,08,,2011,"{""type"":""MultiPoint"",""coordinates"":[]}"
1_2011_09_14,0.41493222237312205,2011-09-14,14,09,,2011,"{""type"":""MultiPoint"",""coordinates"":[]}"
1_2011_09_30,0.5322920998131274,2011-09-30,30,09,,2011,"{""type"":""MultiPoint"",""coordinates"":[]}"
1_2011_10_16,0.4728168152993613,2011-10-16,16,10,,2011,"{""type"":""MultiPoint"",""coordinates"":[]}"
1_2011_11_01,0.49436424642574855,2011-11-01,01,11,,2011,"{""type"":""MultiPoint"",""coordinates"":[]}"
1_2011_11_17,0.4842994249763191,2011-11-17,17,11,,2011,"{""type"":""MultiPoint"",""coordinates"":[]}"
1_2011_12_03,0.5135644674856954,2011-12-03,03,12,,2011,"{""type"":""MultiPoint"",""coordinates"":[]}"
1_2011_12_19,0.4698287176154774,2011-12-19,19,12,,2011,"{""type"":""MultiPoint"",""coordinates"":[]}"
1_2012_01_01,0.4530409256835286,2012-01-01,01,01,,2012,"{""type"":""MultiPoint"",""coordinates"":[]}"
1_2012_01_17,0.5106430425156262,2012-01-17,17,01,,2012,"{""type"":""MultiPoint"",""coordinates"":[]}"
1_2012_02_02,0.4572251286065667,2012-02-02,02,02,,2012,"{""type"":""MultiPoint"",""coordinates"":[]}"
1_2012_02_18,0.44535505848509815,2012-02-18,18,02,,2012,"{""type"":""MultiPoint"",""coordinates"":[]}"
1_2012_03_05,0.4497719182132411,2012-03-05,05,03,,2012,"{""type"":""MultiPoint"",""coordinates"":[]}"
1_2012_03_21,0.5102519614244495,2012-03-21,21,03,,2012,"{""type"":""MultiPoint"",""coordinates"":[]}"
1_2012_04_06,0.46158863315797244,2012-04-06,06,04,,2012,"{""type"":""MultiPoint"",""coordinates"":[]}"
1_2012_04_22,0.5333690861713596,2012-04-22,22,04,,2012,"{""type"":""MultiPoint"",""coordinates"":[]}"
1_2012_05_08,0.5035212437811294,2012-05-08,08,05,,2012,"{""type"":""MultiPoint"",""coordinates"":[]}"
1_2012_05_24,0.4268675852728008,2012-05-24,24,05,,2012,"{""type"":""MultiPoint"",""coordinates"":[]}"
1_2012_06_09,0.4854300564866361,2012-06-09,09,06,,2012,"{""type"":""MultiPoint"",""coordinates"":[]}"
1_2012_06_25,0.49013575533392967,2012-06-25,25,06,,2012,"{""type"":""MultiPoint"",""coordinates"":[]}"
1_2012_07_11,0.45734872509418273,2012-07-11,11,07,,2012,"{""type"":""MultiPoint"",""coordinates"":[]}"
1_2012_07_27,0.5124909084661037,2012-07-27,27,07,,2012,"{""type"":""MultiPoint"",""coordinates"":[]}"
1_2012_08_12,0.47098912520285746,2012-08-12,12,08,,2012,"{""type"":""MultiPoint"",""coordinates"":[]}"
1_2012_08_28,0.512119171291352,2012-08-28,28,08,,2012,"{""type"":""MultiPoint"",""coordinates"":[]}"
1_2012_09_13,0.4817425236587443,2012-09-13,13,09,,2012,"{""type"":""MultiPoint"",""coordinates"":[]}"
1_2012_09_29,0.5018384182450625,2012-09-29,29,09,,2012,"{""type"":""MultiPoint"",""coordinates"":[]}"
1_2012_10_15,0.4357655425831614,2012-10-15,15,10,,2012,"{""type"":""MultiPoint"",""coordinates"":[]}"
1_2012_10_31,0.3693661257800319,2012-10-31,31,10,,2012,"{""type"":""MultiPoint"",""coordinates"":[]}"
1_2012_11_16,0.447616435489939,2012-11-16,16,11,,2012,"{""type"":""MultiPoint"",""coordinates"":[]}"
1_2012_12_02,0.4860801164306433,2012-12-02,02,12,,2012,"{""type"":""MultiPoint"",""coordinates"":[]}"
1_2012_12_18,0.45414243863293285,2012-12-18,18,12,,2012,"{""type"":""MultiPoint"",""coordinates"":[]}"
1_2013_01_01,0.4735234217939938,2013-01-01,01,01,,2013,"{""type"":""MultiPoint"",""coordinates"":[]}"
1_2013_01_17,0.5175272311989199,2013-01-17,17,01,,2013,"{""type"":""MultiPoint"",""coordinates"":[]}"
1_2013_02_02,0.4493542595980226,2013-02-02,02,02,,2013,"{""type"":""MultiPoint"",""coordinates"":[]}"
1_2013_02_18,0.5241957055524306,2013-02-18,18,02,,2013,"{""type"":""MultiPoint"",""coordinates"":[]}"
1_2013_03_06,0.5454213939608882,2013-03-06,06,03,,2013,"{""type"":""MultiPoint"",""coordinates"":[]}"
1_2013_03_22,0.4325403042959046,2013-03-22,22,03,,2013,"{""type"":""MultiPoint"",""coordinates"":[]}"
1_2013_04_07,0.48231728587459494,2013-04-07,07,04,,2013,"{""type"":""MultiPoint"",""coordinates"":[]}"
1_2013_04_23,0.4876788399267675,2013-04-23,23,04,,2013,"{""type"":""MultiPoint"",""coordinates"":[]}"
1_2013_05_09,0.5546472828631689,2013-05-09,09,05,,2013,"{""type"":""MultiPoint"",""coordinates"":[]}"
1_2013_05_25,0.5255004060597341,2013-05-25,25,05,,2013,"{""type"":""MultiPoint"",""coordinates"":[]}"
1_2013_06_10,0.3744765686824895,2013-06-10,10,06,,2013,"{""type"":""MultiPoint"",""coordinates"":[]}"
1_2013_06_26,0.5237110719186445,2013-06-26,26,06,,2013,"{""type"":""MultiPoint"",""coordinates"":[]}"
1_2013_07_12,0.5049743961624709,2013-07-12,12,07,,2013,"{""type"":""MultiPoint"",""coordinates"":[]}"
1_2013_07_28,0.33237732767852163,2013-07-28,28,07,,2013,"{""type"":""MultiPoint"",""coordinates"":[]}"
1_2013_08_13,0.4871279102761499,2013-08-13,13,08,,2013,"{""type"":""MultiPoint"",""coordinates"":[]}"
1_2013_08_29,0.4216935717986486,2013-08-29,29,08,,2013,"{""type"":""MultiPoint"",""coordinates"":[]}"
1_2013_09_14,0.5044551234129023,2013-09-14,14,09,,2013,"{""type"":""MultiPoint"",""coordinates"":[]}"
1_2013_09_30,0.4375411639020047,2013-09-30,30,09,,2013,"{""type"":""MultiPoint"",""coordinates"":[]}"
1_2013_10_16,0.3798222020713298,2013-10-16,16,10,,2013,"{""type"":""MultiPoint"",""coordinates"":[]}"
1_2013_11_01,0.4044083565828789,2013-11-01,01,11,,2013,"{""type"":""MultiPoint"",""coordinates"":[]}"
1_2013_11_17,0.4195232387159336,2013-11-17,17,11,,2013,"{""type"":""MultiPoint"",""coordinates"":[]}"
1_2013_12_03,0.4357207981164912,2013-12-03,03,12,,2013,"{""type"":""MultiPoint"",""coordinates"":[]}"
1_2013_12_19,0.4443084946887769,2013-12-19,19,12,,2013,"{""type"":""MultiPoint"",""coordinates"":[]}"
1_2014_01_01,0.47610174490118085,2014-01-01,01,01,,2014,"{""type"":""MultiPoint"",""coordinates"":[]}"
1_2014_01_17,0.48317044903444556,2014-01-17,17,01,,2014,"{""type"":""MultiPoint"",""coordinates"":[]}"
1_2014_02_02,0.5052602993523999,2014-02-02,02,02,,2014,"{""type"":""MultiPoint"",""coordinates"":[]}"
1_2014_02_18,0.5174686880535604,2014-02-18,18,02,,2014,"{""type"":""MultiPoint"",""coordinates"":[]}"
1_2014_03_06,0.5002302868311481,2014-03-06,06,03,,2014,"{""type"":""MultiPoint"",""coordinates"":[]}"
1_2014_03_22,0.5565167223316109,2014-03-22,22,03,,2014,"{""type"":""MultiPoint"",""coordinates"":[]}"
1_2014_04_07,0.4965101505127371,2014-04-07,07,04,,2014,"{""type"":""MultiPoint"",""coordinates"":[]}"
1_2014_04_23,0.4203674863772877,2014-04-23,23,04,,2014,"{""type"":""MultiPoint"",""coordinates"":[]}"
1_2014_05_09,0.4868794050456679,2014-05-09,09,05,,2014,"{""type"":""MultiPoint"",""coordinates"":[]}"
1_2014_05_25,0.5144088353733601,2014-05-25,25,05,,2014,"{""type"":""MultiPoint"",""coordinates"":[]}"
1_2014_06_10,0.49421180009503274,2014-06-10,10,06,,2014,"{""type"":""MultiPoint"",""coordinates"":[]}"
1_2014_06_26,0.4520908514920911,2014-06-26,26,06,,2014,"{""type"":""MultiPoint"",""coordinates"":[]}"
1_2014_07_12,0.44301082382925266,2014-07-12,12,07,,2014,"{""type"":""MultiPoint"",""coordinates"":[]}"
1_2014_07_28,0.48051949738241256,2014-07-28,28,07,,2014,"{""type"":""MultiPoint"",""coordinates"":[]}"
1_2014_08_13,0.42572973754414156,2014-08-13,13,08,,2014,"{""type"":""MultiPoint"",""coordinates"":[]}"
1_2014_08_29,0.5074867149953358,2014-08-29,29,08,,2014,"{""type"":""MultiPoint"",""coordinates"":[]}"
1_2014_09_14,0.4114125939032187,2014-09-14,14,09,,2014,"{""type"":""MultiPoint"",""coordinates"":[]}"
1_2014_09_30,0.48571302455170273,2014-09-30,30,09,,2014,"{""type"":""MultiPoint"",""coordinates"":[]}"
1_2014_10_16,0.31018579621290937,2014-10-16,16,10,,2014,"{""type"":""MultiPoint"",""coordinates"":[]}"
1_2014_11_01,0.4571150996684527,2014-11-01,01,11,,2014,"{""type"":""MultiPoint"",""coordinates"":[]}"
1_2014_11_17,0.41970263898335963,2014-11-17,17,11,,2014,"{""type"":""MultiPoint"",""coordinates"":[]}"
1_2014_12_03,0.47532702442393504,2014-12-03,03,12,,2014,"{""type"":""MultiPoint"",""coordinates"":[]}"
1_2014_12_19,0.3621516835624135,2014-12-19,19,12,,2014,"{""type"":""MultiPoint"",""coordinates"":[]}"
1_2015_01_01,0.47947317155526636,2015-01-01,01,01,,2015,"{""type"":""MultiPoint"",""coordinates"":[]}"
1_2015_01_17,0.47437074985718874,2015-01-17,17,01,,2015,"{""type"":""MultiPoint"",""coordinates"":[]}"
1_2015_02_02,0.4935449056168613,2015-02-02,02,02,,2015,"{""type"":""MultiPoint"",""coordinates"":[]}"
1_2015_02_18,0.5805022316382011,2015-02-18,18,02,,2015,"{""type"":""MultiPoint"",""coordinates"":[]}"
1_2015_03_06,0.4688948619941093,2015-03-06,06,03,,2015,"{""type"":""MultiPoint"",""coordinates"":[]}"
1_2015_03_22,0.4959096923629541,2015-03-22,22,03,,2015,"{""type"":""MultiPoint"",""coordinates"":[]}"
1_2015_04_07,0.4229183756799023,2015-04-07,07,04,,2015,"{""type"":""MultiPoint"",""coordinates"":[]}"
1_2015_04_23,0.48628526860477933,2015-04-23,23,04,,2015,"{""type"":""MultiPoint"",""coordinates"":[]}"
1_2015_05_09,0.49861959204886885,2015-05-09,09,05,,2015,"{""type"":""MultiPoint"",""coordinates"":[]}"
1_2015_05_25,0.49013423724034944,2015-05-25,25,05,,2015,"{""type"":""MultiPoint"",""coordinates"":[]}"
1_2015_06_10,0.5228905507255285,2015-06-10,10,06,,2015,"{""type"":""MultiPoint"",""coordinates"":[]}"
1_2015_06_26,0.5124834990756727,2015-06-26,26,06,,2015,"{""type"":""MultiPoint"",""coordinates"":[]}"
1_2015_07_12,0.49011728490332146,2015-07-12,12,07,,2015,"{""type"":""MultiPoint"",""coordinates"":[]}"
1_2015_07_28,0.4834600122898362,2015-07-28,28,07,,2015,"{""type"":""MultiPoint"",""coordinates"":[]}"
1_2015_08_13,0.5606823913040998,2015-08-13,13,08,,2015,"{""type"":""MultiPoint"",""coordinates"":[]}"
1_2015_08_29,0.5233917880477822,2015-08-29,29,08,,2015,"{""type"":""MultiPoint"",""coordinates"":[]}"
1_2015_09_14,0.5165696465046719,2015-09-14,14,09,,2015,"{""type"":""MultiPoint"",""coordinates"":[]}"
1_2015_09_30,0.5755221452517819,2015-09-30,30,09,,2015,"{""type"":""MultiPoint"",""coordinates"":[]}"
1_2015_10_16,0.419242049152715,2015-10-16,16,10,,2015,"{""type"":""MultiPoint"",""coordinates"":[]}"
1_2015_11_01,0.4203030514918839,2015-11-01,01,11,,2015,"{""type"":""MultiPoint"",""coordinates"":[]}"
1_2015_11_17,0.4169163110587089,2015-11-17,17,11,,2015,"{""type"":""MultiPoint"",""coordinates"":[]}"
1_2015_12_03,0.4463970620201332,2015-12-03,03,12,,2015,"{""type"":""MultiPoint"",""coordinates"":[]}"
1_2015_12_19,0.48169347475214297,2015-12-19,19,12,,2015,"{""type"":""MultiPoint"",""coordinates"":[]}"
1_2016_01_01,0.5027382501869901,2016-01-01,01,01,,2016,"{""type"":""MultiPoint"",""coordinates"":[]}"
1_2016_01_17,0.4658526119161978,2016-01-17,17,01,,2016,"{""type"":""MultiPoint"",""coordinates"":[]}"
1_2016_02_02,0.417535283282342,2016-02-02,02,02,,2016,"{""type"":""MultiPoint"",""coordinates"":[]}"
1_2016_02_18,0.5872797755340775,2016-02-18,18,02,,2016,"{""type"":""MultiPoint"",""coordinates"":[]}"
1_2016_03_05,0.5427974808527323,2016-03-05,05,03,,2016,"{""type"":""MultiPoint"",""coordinates"":[]}"
1_2016_03_21,0.4553401902142942,2016-03-21,21,03,,2016,"{""type"":""MultiPoint"",""coordinates"":[]}"
1_2016_04_06,0.46780773948694104,2016-04-06,06,04,,2016,"{""type"":""MultiPoint"",""coordinates"":[]}"
1_2016_04_22,0.44997641226306584,2016-04-22,22,04,,2016,"{""type"":""MultiPoint"",""coordinates"":[]}"
1_2016_05_08,0.41789795487604964,2016-05-08,08,05,,2016,"{""type"":""MultiPoint"",""coordinates"":[]}"
1_2016_05_24,0.49810205814401104,2016-05-24,24,05,,2016,"{""type"":""MultiPoint"",""coordinates"":[]}"
1_2016_06_09,0.466235024433223,2016-06-09,09,06,,2016,"{""type"":""MultiPoint"",""coordinates"":[]}"
1_2016_06_25,0.5438362358559832,2016-06-25,25,06,,2016,"{""type"":""MultiPoint"",""coordinates"":[]}"
1_2016_07_11,0.4133245989474363,2016-07-11,11,07,,2016,"{""type"":""MultiPoint"",""coordinates"":[]}"
1_2016_07_27,0.5311096983407614,2016-07-27,27,07,,2016,"{""type"":""MultiPoint"",""coordinates"":[]}"
1_2016_08_12,0.397744518846034,2016-08-12,12,08,,2016,"{""type"":""MultiPoint"",""coordinates"":[]}"
1_2016_08_28,0.48842411945888203,2016-08-28,28,08,,2016,"{""type"":""MultiPoint"",""coordinates"":[]}"
1_2016_09_13,0.4652707566544593,2016-09-13,13,09,,2016,"{""type"":""MultiPoint"",""coordinates"":[]}"
1_2016_09_29,0.47229756402122963,2016-09-29,29,09,,2016,"{""type"":""MultiPoint"",""coordinates"":[]}"
1_2016_10_15,0.29410712310480375,2016-10-15,15,10,,2016,"{""type"":""MultiPoint"",""coordinates"":[]}"
1_2016_10_31,0.37040825788139803,2016-10-31,31,10,,2016,"{""type"":""MultiPoint"",""coordinates"":[]}"
1_2016_11_16,0.33842299538855375,2016-11-16,16,11,,2016,"{""type"":""MultiPoint"",""coordinates"":[]}"
1_2016_12_02,0.5161466325278251,2016-12-02,02,12,,2016,"{""type"":""MultiPoint"",""coordinates"":[]}"
1_2016_12_18,0.4116920190138137,2016-12-18,18,12,,2016,"{""type"":""MultiPoint"",""coordinates"":[]}"
1_2017_01_01,0.5761350988861772,2017-01-01,01,01,,2017,"{""type"":""MultiPoint"",""coordinates"":[]}"
1_2017_01_17,0.4129178487256243,2017-01-17,17,01,,2017,"{""type"":""MultiPoint"",""coordinates"":[]}"
1_2017_02_02,0.5520508385964673,2017-02-02,02,02,,2017,"{""type"":""MultiPoint"",""coordinates"":[]}"
1_2017_02_18,0.4809185425668907,2017-02-18,18,02,,2017,"{""type"":""MultiPoint"",""coordinates"":[]}"
1_2017_03_06,0.5627287906445062,2017-03-06,06,03,,2017,"{""type"":""MultiPoint"",""coordinates"":[]}"
1_2017_03_22,0.4592232336374779,2017-03-22,22,03,,2017,"{""type"":""MultiPoint"",""coordinates"":[]}"
1_2017_04_07,0.4929661100907275,2017-04-07,07,04,,2017,"{""type"":""MultiPoint"",""coordinates"":[]}"
1_2017_04_23,0.47320150174740616,2017-04-23,23,04,,2017,"{""type"":""MultiPoint"",""coordinates"":[]}"
1_2017_05_09,0.4970213755736489,2017-05-09,09,05,,2017,"{""type"":""MultiPoint"",""coordinates"":[]}"
1_2017_05_25,0.5338955203044001,2017-05-25,25,05,,2017,"{""type"":""MultiPoint"",""coordinates"":[]}"
1_2017_06_10,0.5539900787847472,2017-06-10,10,06,,2017,"{""type"":""MultiPoint"",""coordinates"":[]}"
1_2017_06_26,0.5513222558447529,2017-06-26,26,06,,2017,"{""type"":""MultiPoint"",""coordinates"":[]}"
1_2017_07_12,0.46463547327324356,2017-07-12,12,07,,2017,"{""type"":""MultiPoint"",""coordinates"":[]}"
1_2017_07_28,0.39595489109897464,2017-07-28,28,07,,2017,"{""type"":""MultiPoint"",""coordinates"":[]}"
1_2017_08_13,0.4908991748410334,2017-08-13,13,08,,2017,"{""type"":""MultiPoint"",""coordinates"":[]}"
1_2017_08_29,0.5374166319029496,2017-08-29,29,08,,2017,"{""type"":""MultiPoint"",""coordinates"":[]}"
1_2017_09_14,0.5347368876343515,2017-09-14,14,09,,2017,"{""type"":""MultiPoint"",""coordinates"":[]}"
1_2017_09_30,0.4864439138333839,2017-09-30,30,09,,2017,"{""type"":""MultiPoint"",""coordinates"":[]}"
1_2017_10_16,0.5005538147600462,2017-10-16,16,10,,2017,"{""type"":""MultiPoint"",""coordinates"":[]}"
1_2017_11_01,0.3760522033656205,2017-11-01,01,11,,2017,"{""type"":""MultiPoint"",""coordinates"":[]}"
1_2017_11_17,0.38975437614052666,2017-11-17,17,11,,2017,"{""type"":""MultiPoint"",""coordinates"":[]}"
1_2017_12_03,0.43521494574194786,2017-12-03,03,12,,2017,"{""type"":""MultiPoint"",""coordinates"":[]}"
1_2017_12_19,0.4563574922807958,2017-12-19,19,12,,2017,"{""type"":""MultiPoint"",""coordinates"":[]}"
1_2018_01_01,0.5108214890902282,2018-01-01,01,01,,2018,"{""type"":""MultiPoint"",""coordinates"":[]}"
1_2018_01_17,0.4535706416570826,2018-01-17,17,01,,2018,"{""type"":""MultiPoint"",""coordinates"":[]}"
1_2018_02_02,0.5143184316164972,2018-02-02,02,02,,2018,"{""type"":""MultiPoint"",""coordinates"":[]}"
1_2018_02_18,0.5227904856847856,2018-02-18,18,02,,2018,"{""type"":""MultiPoint"",""coordinates"":[]}"
1_2018_03_06,0.46664100781735124,2018-03-06,06,03,,2018,"{""type"":""MultiPoint"",""coordinates"":[]}"
1_2018_03_22,0.4554008909140784,2018-03-22,22,03,,2018,"{""type"":""MultiPoint"",""coordinates"":[]}"
1_2018_04_07,0.44254699646204493,2018-04-07,07,04,,2018,"{""type"":""MultiPoint"",""coordinates"":[]}"
1_2018_04_23,0.4959121184269692,2018-04-23,23,04,,2018,"{""type"":""MultiPoint"",""coordinates"":[]}"
1_2018_05_09,0.4445134906107417,2018-05-09,09,05,,2018,"{""type"":""MultiPoint"",""coordinates"":[]}"
1_2018_05_25,0.5352563492069884,2018-05-25,25,05,,2018,"{""type"":""MultiPoint"",""coordinates"":[]}"
1_2018_06_10,0.5203772272771654,2018-06-10,10,06,,2018,"{""type"":""MultiPoint"",""coordinates"":[]}"
1_2018_06_26,0.5116254846221495,2018-06-26,26,06,,2018,"{""type"":""MultiPoint"",""coordinates"":[]}"
1_2018_07_12,0.518378401379795,2018-07-12,12,07,,2018,"{""type"":""MultiPoint"",""coordinates"":[]}"
1_2018_07_28,0.429975066669295,2018-07-28,28,07,,2018,"{""type"":""MultiPoint"",""coordinates"":[]}"
1_2018_08_13,0.47640809405144674,2018-08-13,13,08,,2018,"{""type"":""MultiPoint"",""coordinates"":[]}"
1_2018_08_29,0.5181432787145629,2018-08-29,29,08,,2018,"{""type"":""MultiPoint"",""coordinates"":[]}"
1_2018_09_14,0.4239943513073946,2018-09-14,14,09,,2018,"{""type"":""MultiPoint"",""coordinates"":[]}"
1_2018_09_30,0.36254465352613524,2018-09-30,30,09,,2018,"{""type"":""MultiPoint"",""coordinates"":[]}"
1_2018_10_16,0.4653805587188473,2018-10-16,16,10,,2018,"{""type"":""MultiPoint"",""coordinates"":[]}"
1_2018_11_01,0.34316913305174523,2018-11-01,01,11,,2018,"{""type"":""MultiPoint"",""coordinates"":[]}"
1_2018_11_17,0.47660944067409305,2018-11-17,17,11,,2018,"{""type"":""MultiPoint"",""coordinates"":[]}"
1_2018_12_03,0.3997994687249746,2018-12-03,03,12,,2018,"{""type"":""MultiPoint"",""coordinates"":[]}"
1_2018_12_19,0.46168879674329016,2018-12-19,19,12,,2018,"{""type"":""MultiPoint"",""coordinates"":[]}"
1_2019_01_01,0.5152861295151696,2019-01-01,01,01,,2019,"{""type"":""MultiPoint"",""coordinates"":[]}"
1_2019_01_17,0.5230751920160848,2019-01-17,17,01,,2019,"{""type"":""MultiPoint"",""coordinates"":[]}"
1_2019_02_02,0.4992980841451133,2019-02-02,02,02,,2019,"{""type"":""MultiPoint"",""coordinates"":[]}"
1_2019_02_18,0.4667473788627802,2019-02-18,18,02,,2019,"{""type"":""MultiPoint"",""coordinates"":[]}"
1_2019_03_06,0.49369485822717674,2019-03-06,06,03,,2019,"{""type"":""MultiPoint"",""coordinates"":[]}"
1_2019_03_22,0.5473066879610219,2019-03-22,22,03,,2019,"{""type"":""MultiPoint"",""coordinates"":[]}"
1_2019_04_07,0.4869389496314039,2019-04-07,07,04,,2019,"{""type"":""MultiPoint"",""coordinates"":[]}"
1_2019_04_23,0.5033136616442917,2019-04-23,23,04,,2019,"{""type"":""MultiPoint"",""coordinates"":[]}"
1_2019_05_09,0.5114591956498731,2019-05-09,09,05,,2019,"{""type"":""MultiPoint"",""coordinates"":[]}"
1_2019_05_25,0.3950930506533774,2019-05-25,25,05,,2019,"{""type"":""MultiPoint"",""coordinates"":[]}"
1_2019_06_10,0.5176385820014611,2019-06-10,10,06,,2019,"{""type"":""MultiPoint"",""coordinates"":[]}"
1_2019_06_26,0.4872816795337499,2019-06-26,26,06,,2019,"{""type"":""MultiPoint"",""coordinates"":[]}"
1_2019_07_12,0.5470644320140835,2019-07-12,12,07,,2019,"{""type"":""MultiPoint"",""coordinates"":[]}"
1_2019_07_28,0.4455651221637727,2019-07-28,28,07,,2019,"{""type"":""MultiPoint"",""coordinates"":[]}"
1_2019_08_13,0.5035888250238556,2019-08-13,13,08,,2019,"{""type"":""MultiPoint"",""coordinates"":[]}"
1_2019_08_29,0.48698920625179726,2019-08-29,29,08,,2019,"{""type"":""MultiPoint"",""coordinates"":[]}"
1_2019_09_14,0.35538231469282205,2019-09-14,14,09,,2019,"{""type"":""MultiPoint"",""coordinates"":[]}"
1_2019_09_30,0.3327628201375031,2019-09-30,30,09,,2019,"{""type"":""MultiPoint"",""coordinates"":[]}"
1_2019_10_16,0.42452172709214114,2019-10-16,16,10,,2019,"{""type"":""MultiPoint"",""coordinates"":[]}"
1_2019_11_01,0.5051037750039616,2019-11-01,01,11,,2019,"{""type"":""MultiPoint"",""coordinates"":[]}"
1_2019_11_17,0.4286768751547619,2019-11-17,17,11,,2019,"{""type"":""MultiPoint"",""coordinates"":[]}"
1_2019_12_03,0.37281126139163145,2019-12-03,03,12,,2019,"{""type"":""MultiPoint"",""coordinates"":[]}"
1_2019_12_19,0.456271085931468,2019-12-19,19,12,,2019,"{""type"":""MultiPoint"",""coordinates"":[]}"
1_2020_01_01,0.4403278000426595,2020-01-01,01,01,,2020,"{""type"":""MultiPoint"",""coordinates"":[]}"
1_2020_01_17,0.4641725732644476,2020-01-17,17,01,,2020,"{""type"":""MultiPoint"",""coordinates"":[]}"
1_2020_02_02,0.4418894959105737,2020-02-02,02,02,,2020,"{""type"":""MultiPoint"",""coordinates"":[]}"
1_2020_02_18,0.49955435705505385,2020-02-18,18,02,,2020,"{""type"":""MultiPoint"",""coordinates"":[]}"
1_2020_03_05,0.547937768923704,2020-03-05,05,03,,2020,"{""type"":""MultiPoint"",""coordinates"":[]}"
1_2020_03_21,0.5013096233387566,2020-03-21,21,03,,2020,"{""type"":""MultiPoint"",""coordinates"":[]}"
1_2020_04_06,0.48415695815917287,2020-04-06,06,04,,2020,"{""type"":""MultiPoint"",""coordinates"":[]}"
1_2020_04_22,0.4812655830458404,2020-04-22,22,04,,2020,"{""type"":""MultiPoint"",""coordinates"":[]}"
1_2020_05_08,0.4843178531867886,2020-05-08,08,05,,2020,"{""type"":""MultiPoint"",""coordinates"":[]}"
1_2020_05_24,0.5011244686509133,2020-05-24,24,05,,2020,"{""type"":""MultiPoint"",""coordinates"":[]}"
1_2020_06_09,0.5449592217178396,2020-06-09,09,06,,2020,"{""type"":""MultiPoint"",""coordinates"":[]}"
1_2020_06_25,0.5217888092846171,2020-06-25,25,06,,2020,"{""type"":""MultiPoint"",""coordinates"":[]}"
1_2020_07_11,0.4861667323738186,2020-07-11,11,07,,2020,"{""type"":""MultiPoint"",""coordinates"":[]}"
1_2020_07_27,0.5608118760022741,2020-07-27,27,07,,2020,"{""type"":""MultiPoint"",""coordinates"":[]}"
1_2020_08_12,0.5054781918697439,2020-08-12,12,08,,2020,"{""type"":""MultiPoint"",""coordinates"":[]}"
1_2020_08_28,0.41175287445767145,2020-08-28,28,08,,2020,"{""type"":""MultiPoint"",""coordinates"":[]}"
1_2020_09_13,0.5255076793727685,2020-09-13,13,09,,2020,"{""type"":""MultiPoint"",""coordinates"":[]}"
1_2020_09_29,0.4722677428040444,2020-09-29,29,09,,2020,"{""type"":""MultiPoint"",""coordinates"":[]}"
1_2020_10_15,0.41772304459601384,2020-10-15,15,10,,2020,"{""type"":""MultiPoint"",""coordinates"":[]}"
1_2020_10_31,0.42223505069367934,2020-10-31,31,10,,2020,"{""type"":""MultiPoint"",""coordinates"":[]}"
1_2020_11_16,0.3916677793800641,2020-11-16,16,11,,2020,"{""type"":""MultiPoint"",""coordinates"":[]}"
1_2020_12_02,0.38901223125697804,2020-12-02,02,12,,2020,"{""type"":""MultiPoint"",""coordinates"":[]}"
1_2020_12_18,0.4575506245889842,2020-12-18,18,12,,2020,"{""type"":""MultiPoint"",""coordinates"":[]}"
1_2021_01_01,0.4074050838358575,2021-01-01,01,01,,2021,"{""type"":""MultiPoint"",""coordinates"":[]}"
1_2021_01_17,0.5105501016456829,2021-01-17,17,01,,2021,"{""type"":""MultiPoint"",""coordinates"":[]}"
1_2021_02_02,0.49457256302784036,2021-02-02,02,02,,2021,"{""type"":""MultiPoint"",""coordinates"":[]}"
1_2021_02_18,0.5065030310455103,2021-02-18,18,02,,2021,"{""type"":""MultiPoint"",""coordinates"":[]}"
1_2021_03_06,0.5299092782282544,2021-03-06,06,03,,2021,"{""type"":""MultiPoint"",""coordinates"":[]}"
1_2021_03_22,0.4104433821047133,2021-03-22,22,03,,2021,"{""type"":""MultiPoint"",""coordinates"":[]}"
1_2021_04_07,0.5561349230903685,2021-04-07,07,04,,2021,"{""type"":""MultiPoint"",""coordinates"":[]}"
1_2021_04_23,0.5133005722609851,2021-04-23,23,04,,2021,"{""type"":""MultiPoint"",""coordinates"":[]}"
1_2021_05_09,0.4785357273668958,2021-05-09,09,05,,2021,"{""type"":""MultiPoint"",""coordinates"":[]}"
1_2021_05_25,0.3725235862798409,2021-05-25,25,05,,2021,"{""type"":""MultiPoint"",""coordinates"":[]}"
1_2021_06_10,0.4948136818522778,2021-06-10,10,06,,2021,"{""type"":""MultiPoint"",""coordinates"":[]}"
1_2021_06_26,0.5288542183957989,2021-06-26,26,06,,2021,"{""type"":""MultiPoint"",""coordinates"":[]}"
1_2021_07_12,0.4735419901661379,2021-07-12,12,07,,2021,"{""type"":""MultiPoint"",""coordinates"":[]}"
1_2021_07_28,0.5094079390941776,2021-07-28,28,07,,2021,"{""type"":""MultiPoint"",""coordinates"":[]}"
1_2021_08_13,0.4608471662042623,2021-08-13,13,08,,2021,"{""type"":""MultiPoint"",""coordinates"":[]}"
1_2021_08_29,0.5256550617630588,2021-08-29,29,08,,2021,"{""type"":""MultiPoint"",""coordinates"":[]}"
1_2021_09_14,0.5581202791967044,2021-09-14,14,09,,2021,"{""type"":""MultiPoint"",""coordinates"":[]}"
1_2021_09_30,0.5857678091826392,2021-09-30,30,09,,2021,"{""type"":""MultiPoint"",""coordinates"":[]}"
1_2021_10_16,0.4259809450454837,2021-10-16,16,10,,2021,"{""type"":""MultiPoint"",""coordinates"":[]}"
1_2021_11_01,0.3756437631577779,2021-11-01,01,11,,2021,"{""type"":""MultiPoint"",""coordinates"":[]}"
1_2021_11_17,0.40250946133504645,2021-11-17,17,11,,2021,"{""type"":""MultiPoint"",""coordinates"":[]}"
1_2021_12_03,0.47445505491606943,2021-12-03,03,12,,2021,"{""type"":""MultiPoint"",""coordinates"":[]}"
1_2021_12_19,0.49013234823181884,2021-12-19,19,12,,2021,"{""type"":""MultiPoint"",""coordinates"":[]}"
1_2022_01_01,0.47497026729173747,2022-01-01,01,01,,2022,"{""type"":""MultiPoint"",""coordinates"":[]}"
1_2022_01_17,0.5293575214243423,2022-01-17,17,01,,2022,"{""type"":""MultiPoint"",""coordinates"":[]}"
1_2022_02_02,0.4760052493502589,2022-02-02,02,02,,2022,"{""type"":""MultiPoint"",""coordinates"":[]}"
1_2022_02_18,0.4823900017654083,2022-02-18,18,02,,2022,"{""type"":""MultiPoint"",""coordinates"":[]}"
1_2022_03_06,0.5041998119048265,2022-03-06,06,03,,2022,"{""type"":""MultiPoint"",""coordinates"":[]}"
1_2022_03_22,0.5462379508981945,2022-03-22,22,03,,2022,"{""type"":""MultiPoint"",""coordinates"":[]}"
1_2022_04_07,0.5357699346960133,2022-04-07,07,04,,2022,"{""type"":""MultiPoint"",""coordinates"":[]}"
1_2022_04_23,0.5248416655450695,2022-04-23,23,04,,2022,"{""type"":""MultiPoint"",""coordinates"":[]}"
1_2022_05_09,0.5054560707844188,2022-05-09,09,05,,2022,"{""type"":""MultiPoint"",""coordinates"":[]}"
1_2022_05_25,0.4738201138186153,2022-05-25,25,05,,2022,"{""type"":""MultiPoint"",""coordinates"":[]}"
1_2022_06_10,0.48392827763862245,2022-06-10,10,06,,2022,"{""type"":""MultiPoint"",""coordinates"":[]}"
1_2022_06_26,0.4960471211438087,2022-06-26,26,06,,2022,"{""type"":""MultiPoint"",""coordinates"":[]}"
1_2022_07_12,0.47984565362057024,2022-07-12,12,07,,2022,"{""type"":""MultiPoint"",""coordinates"":[]}"
1_2022_07_28,0.5533007317869219,2022-07-28,28,07,,2022,"{""type"":""MultiPoint"",""coordinates"":[]}"
1_2022_08_13,0.4983044758609183,2022-08-13,13,08,,2022,"{""type"":""MultiPoint"",""coordinates"":[]}"
1_2022_08_29,0.5188394569024272,2022-08-29,29,08,,2022,"{""type"":""MultiPoint"",""coordinates"":[]}"
1_2022_09_14,0.5193479524984946,2022-09-14,14,09,,2022,"{""type"":""MultiPoint"",""coordinates"":[]}"
1_2022_09_30,0.4314670029961749,2022-09-30,30,09,,2022,"{""type"":""MultiPoint"",""coordinates"":[]}"
1_2022_10_16,0.25091134970394185,2022-10-16,16,10,,2022,"{""type"":""MultiPoint"",""coordinates"":[]}"
1_2022_11_01,0.41694521382524957,2022-11-01,01,11,,2022,"{""type"":""MultiPoint"",""coordinates"":[]}"
1_2022_11_17,0.5311754969821436,2022-11-17,17,11,,2022,"{""type"":""MultiPoint"",""coordinates"":[]}"
1_2022_12_03,0.3666727247127688,2022-12-03,03,12,,2022,"{""type"":""MultiPoint"",""coordinates"":[]}"
1_2022_12_19,0.4631445113967599,2022-12-19,19,12,,2022,"{""type"":""MultiPoint"",""coordinates"":[]}"
1_2023_01_01,0.49309832196202713,2023-01-01,01,01,,2023,"{""type"":""MultiPoint"",""coordinates"":[]}"
1_2023_01_17,0.44159704005120776,2023-01-17,17,01,,2023,"{""type"":""MultiPoint"",""coordinates"":[]}"
1_2023_02_02,0.4538740917489007,2023-02-02,02,02,,2023,"{""type"":""MultiPoint"",""coordinates"":[]}"
1_2023_02_18,0.4639425691957546,2023-02-18,18,02,,2023,"{""type"":""MultiPoint"",""coordinates"":[]}"
1_2023_03_06,0.5276600475599763,2023-03-06,06,03,,2023,"{""type"":""MultiPoint"",""coordinates"":[]}"
1_2023_03_22,0.5829302553075781,2023-03-22,22,03,,2023,"{""type"":""MultiPoint"",""coordinates"":[]}"
1_2023_04_07,0.5034159790946763,2023-04-07,07,04,,2023,"{""type"":""MultiPoint"",""coordinates"":[]}"
1_2023_04_23,0.4556983341058218,2023-04-23,23,04,,2023,"{""type"":""MultiPoint"",""coordinates"":[]}"
1_2023_05_09,0.5575884532554208,2023-05-09,09,05,,2023,"{""type"":""MultiPoint"",""coordinates"":[]}"
1_2023_05_25,0.46091673700560715,2023-05-25,25,05,,2023,"{""type"":""MultiPoint"",""coordinates"":[]}"
1_2023_06_10,0.4777378176256092,2023-06-10,10,06,,2023,"{""type"":""MultiPoint"",""coordinates"":[]}"
1_2023_06_26,0.48097003209832323,2023-06-26,26,06,,2023,"{""type"":""MultiPoint"",""coordinates"":[]}"
1_2023_07_12,0.5123764530466984,2023-07-12,12,07,,2023,"{""type"":""MultiPoint"",""coordinates"":[]}"
1_2023_07_28,0.48149814130550533,2023-07-28,28,07,,2023,"{""type"":""MultiPoint"",""coordinates"":[]}"
1_2023_08_13,0.5204144613742581,2023-08-13,13,08,,2023,"{""type"":""MultiPoint"",""coordinates"":[]}"
1_2023_08_29,0.5322140531657156,2023-08-29,29,08,,2023,"{""type"":""MultiPoint"",""coordinates"":[]}"
1_2023_09_14,0.49685362080991574,2023-09-14,14,09,,2023,"{""type"":""MultiPoint"",""coordinates"":[]}"
1_2023_09_30,0.5171094724750631,2023-09-30,30,09,,2023,"{""type"":""MultiPoint"",""coordinates"":[]}"
1_2023_10_16,0.47088049360300005,2023-10-16,16,10,,2023,"{""type"":""MultiPoint"",""coordinates"":[]}"
1_2023_11_01,0.4275870722669604,2023-11-01,01,11,,2023,"{""type"":""MultiPoint"",""coordinates"":[]}"
1_2023_11_17,0.43630562831028985,2023-11-17,17,11,,2023,"{""type"":""MultiPoint"",""coordinates"":[]}"
1_2023_12_03,0.33611204780705356,2023-12-03,03,12,,2023,"{""type"":""MultiPoint"",""coordinates"":[]}"
1_2023_12_19,0.4062841270777468,2023-12-19,19,12,,2023,"{""type"":""MultiPoint"",""coordinates"":[]}"
1_2024_01_01,0.46484873399527665,2024-01-01,01,01,,2024,"{""type"":""MultiPoint"",""coordinates"":[]}"
1_2024_01_17,0.48406852573584735,2024-01-17,17,01,,2024,"{""type"":""MultiPoint"",""coordinates"":[]}"
1_2024_02_02,0.5334766072517498,2024-02-02,02,02,,2024,"{""type"":""MultiPoint"",""coordinates"":[]}"
1_2024_02_18,0.47636181105115616,2024-02-18,18,02,,2024,"{""type"":""MultiPoint"",""coordinates"":[]}"
1_2024_03_05,0.5302511700620108,2024-03-05,05,03,,2024,"{""type"":""MultiPoint"",""coordinates"":[]}"
1_2024_03_21,0.428811180313058,2024-03-21,21,03,,2024,"{""type"":""MultiPoint"",""coordinates"":[]}"
1_2024_04_06,0.48573962796852427,2024-04-06,06,04,,2024,"{""type"":""MultiPoint"",""coordinates"":[]}"
1_2024_04_22,0.49944189349235735,2024-04-22,22,04,,2024,"{""type"":""MultiPoint"",""coordinates"":[]}"
1_2024_05_08,0.3555361306047832,2024-05-08,08,05,,2024,"{""type"":""MultiPoint"",""coordinates"":[]}"
1_2024_05_24,0.4566165631967907,2024-05-24,24,05,,2024,"{""type"":""MultiPoint"",""coordinates"":[]}"
1_2024_06_09,0.5189730025069992,2024-06-09,09,06,,2024,"{""type"":""MultiPoint"",""coordinates"":[]}"
1_2024_06_25,0.4899175488083793,2024-06-25,25,06,,2024,"{""type"":""MultiPoint"",""coordinates"":[]}"
1_2024_07_11,0.4996534304181745,2024-07-11,11,07,,2024,"{""type"":""MultiPoint"",""coordinates"":[]}"
1_2024_07_27,0.5512723262794856,2024-07-27,27,07,,2024,"{""type"":""MultiPoint"",""coordinates"":[]}"
1_2024_08_12,0.45932188896414394,2024-08-12,12,08,,2024,"{""type"":""MultiPoint"",""coordinates"":[]}"
1_2024_08_28,0.5470024730640444,2024-08-28,28,08,,2024,"{""type"":""MultiPoint"",""coordinates"":[]}"
1_2024_09_13,0.58082059790671,2024-09-13,13,09,,2024,"{""type"":""MultiPoint"",""coordinates"":[]}"
1_2024_09_29,0.4523716471616889,2024-09-29,29,09,,2024,"{""type"":""MultiPoint"",""coordinates"":[]}"
1_2024_10_15,0.48328723729237805,2024-10-15,15,10,,2024,"{""type"":""MultiPoint"",""coordinates"":[]}"
1_2024_10_31,0.5181570278866116,2024-10-31,31,10,,2024,"{""type"":""MultiPoint"",""coordinates"":[]}"
1_2024_11_16,0.5049991280122336,2024-11-16,16,11,,2024,"{""type"":""MultiPoint"",""coordinates"":[]}"
1_2024_12_02,0.5472096271786312,2024-12-02,02,12,,2024,"{""type"":""MultiPoint"",""coordinates"":[]}"
1_2024_12_18,0.4792211866590122,2024-12-18,18,12,,2024,"{""type"":""MultiPoint"",""coordinates"":[]}"
1_2025_01_01,0.4476080295890839,2025-01-01,01,01,,2025,"{""type"":""MultiPoint"",""coordinates"":[]}"
1_2025_01_17,0.47899383132892887,2025-01-17,17,01,,2025,"{""type"":""MultiPoint"",""coordinates"":[]}"
1_2025_02_02,0.5589100094785425,2025-02-02,02,02,,2025,"{""type"":""MultiPoint"",""coordinates"":[]}"
1_2025_02_18,0.4319821497654045,2025-02-18,18,02,,2025,"{""type"":""MultiPoint"",""coordinates"":[]}"
1_2025_03_06,0.47763980096533043,2025-03-06,06,03,,2025,"{""type"":""MultiPoint"",""coordinates"":[]}"
1_2025_03_22,0.5118235977609682,2025-03-22,22,03,,2025,"{""type"":""MultiPoint"",""coordinates"":[]}"
1_2025_04_07,0.5891083645491629,2025-04-07,07,04,,2025,"{""type"":""MultiPoint"",""coordinates"":[]}"
2_2005_01_09,0.400423221204502,2005-01-09,09,01,,2005,"{""type"":""MultiPoint"",""coordinates"":[]}"
2_2005_01_25,0.42781357455301794,2005-01-25,25,01,,2005,"{""type"":""MultiPoint"",""coordinates"":[]}"
2_2005_02_10,0.4520130648976909,2005-02-10,10,02,,2005,"{""type"":""MultiPoint"",""coordinates"":[]}"
2_2005_02_26,0.43698749636657674,2005-02-26,26,02,,2005,"{""type"":""MultiPoint"",""coordinates"":[]}"
2_2005_03_14,0.3764789062747169,2005-03-14,14,03,,2005,"{""type"":""MultiPoint"",""coordinates"":[]}"
2_2005_03_30,0.44550140648049835,2005-03-30,30,03,,2005,"{""type"":""MultiPoint"",""coordinates"":[]}"
2_2005_04_15,0.46855421660379726,2005-04-15,15,04,,2005,"{""type"":""MultiPoint"",""coordinates"":[]}"
2_2005_05_01,0.3720509277126148,2005-05-01,01,05,,2005,"{""type"":""MultiPoint"",""coordinates"":[]}"
2_2005_05_17,0.4333167645261011,2005-05-17,17,05,,2005,"{""type"":""MultiPoint"",""coordinates"":[]}"
2_2005_06_02,0.39517282208662374,2005-06-02,02,06,,2005,"{""type"":""MultiPoint"",""coordinates"":[]}"
2_2005_06_18,0.49112644626230645,2005-06-18,18,06,,2005,"{""type"":""MultiPoint"",""coordinates"":[]}"
2_2005_07_04,0.4679126568451412,2005-07-04,04,07,,2005,"{""type"":""MultiPoint"",""coordinates"":[]}"
2_2005_07_20,0.462888725985192,2005-07-20,20,07,,2005,"{""type"":""MultiPoint"",""coordinates"":[]}"
2_2005_08_05,0.48681497818489894,2005-08-05,05,08,,2005,"{""type"":""MultiPoint"",""coordinates"":[]}"
2_2005_08_21,0.4175438392582891,2005-08-21,21,08,,2005,"{""type"":""MultiPoint"",""coordinates"":[]}"
2_2005_09_06,0.5082788060448837,2005-09-06,06,09,,2005,"{""type"":""MultiPoint"",""coordinates"":[]}"
2_2005_09_22,0.3544417206768809,2005-09-22,22,09,,2005,"{""type"":""MultiPoint"",""coordinates"":[]}"
2_2005_10_08,0.2211160936532845,2005-10-08,08,10,,2005,"{""type"":""MultiPoint"",""coordinates"":[]}"
2_2005_10_24,0.4010415117184851,2005-10-24,24,10,,2005,"{""type"":""MultiPoint"",""coordinates"":[]}"
2_2005_11_09,0.34116436325081273,2005-11-09,09,11,,2005,"{""type"":""MultiPoint"",""coordinates"":[]}"
2_2005_11_25,0.25633344744010644,2005-11-25,25,11,,2005,"{""type"":""MultiPoint"",""coordinates"":[]}"
2_2005_12_11,0.36239669724778684,2005-12-11,11,12,,2005,"{""type"":""MultiPoint"",""coordinates"":[]}"
2_2005_12_27,0.45465661001068086,2005-12-27,27,12,,2005,"{""type"":""MultiPoint"",""coordinates"":[]}"
2_2006_01_09,0.4388745860255301,2006-01-09,09,01,,2006,"{""type"":""MultiPoint"",""coordinates"":[]}"
2_2006_01_25,0.4710057959297148,2006-01-25,25,01,,2006,"{""type"":""MultiPoint"",""coordinates"":[]}"
2_2006_02_10,0.33165424307854235,2006-02-10,10,02,,2006,"{""type"":""MultiPoint"",""coordinates"":[]}"
2_2006_02_26,0.46003790166801867,2006-02-26,26,02,,2006,"{""type"":""MultiPoint"",""coordinates"":[]}"
2_2006_03_14,0.3735898913976354,2006-03-14,14,03,,2006,"{""type"":""MultiPoint"",""coordinates"":[]}"
2_2006_03_30,0.4256040949309093,2006-03-30,30,03,,2006,"{""type"":""MultiPoint"",""coordinates"":[]}"
2_2006_04_15,0.4643112851023904,2006-04-15,15,04,,2006,"{""type"":""MultiPoint"",""coordinates"":[]}"
2_2006_05_01,0.3584071329870568,2006-05-01,01,05,,2006,"{""type"":""MultiPoint"",""coordinates"":[]}"
2_2006_05_17,0.4211062055000985,2006-05-17,17,05,,2006,"{""type"":""MultiPoint"",""coordinates"":[]}"
2_2006_06_02,0.4745888495233021,2006-06-02,02,06,,2006,"{""type"":""MultiPoint"",""coordinates"":[]}"
2_2006_06_18,0.5091012928423863,2006-06-18,18,06,,2006,"{""type"":""MultiPoint"",""coordinates"":[]}"
2_2006_07_04,0.43021150058872343,2006-07-04,04,07,,2006,"{""type"":""MultiPoint"",""coordinates"":[]}"
2_2006_07_20,0.512684753613481,2006-07-20,20,07,,2006,"{""type"":""MultiPoint"",""coordinates"":[]}"
2_2006_08_05,0.5084465751766368,2006-08-05,05,08,,2006,"{""type"":""MultiPoint"",""coordinates"":[]}"
2_2006_08_21,0.4154539883612764,2006-08-21,21,08,,2006,"{""type"":""MultiPoint"",""coordinates"":[]}"
2_2006_09_06,0.40354653201440965,2006-09-06,06,09,,2006,"{""type"":""MultiPoint"",""coordinates"":[]}"
2_2006_09_22,0.4986758850696929,2006-09-22,22,09,,2006,"{""type"":""MultiPoint"",""coordinates"":[]}"
2_2006_10_08,0.3987863061879638,2006-10-08,08,10,,2006,"{""type"":""MultiPoint"",""coordinates"":[]}"
2_2006_10_24,0.26979720279892766,2006-10-24,24,10,,2006,"{""type"":""MultiPoint"",""coordinates"":[]}"
2_2006_11_09,0.3242833156089793,2006-11-09,09,11,,2006,"{""type"":""MultiPoint"",""coordinates"":[]}"
2_2006_11_25,0.3847382803573559,2006-11-25,25,11,,2006,"{""type"":""MultiPoint"",""coordinates"":[]}"
2_2006_12_11,0.41208381559955054,2006-12-11,11,12,,2006,"{""type"":""MultiPoint"",""coordinates"":[]}"
2_2006_12_27,0.3875242208793752,2006-12-27,27,12,,2006,"{""type"":""MultiPoint"",""coordinates"":[]}"
2_2007_01_09,0.39936618267583457,2007-01-09,09,01,,2007,"{""type"":""MultiPoint"",""coordinates"":[]}"
2_2007_01_25,0.4572549807946955,2007-01-25,25,01,,2007,"{""type"":""MultiPoint"",""coordinates"":[]}"
2_2007_02_10,0.44539952181105685,2007-02-10,10,02,,2007,"{""type"":""MultiPoint"",""coordinates"":[]}"
2_2007_02_26,0.4009670701411804,2007-02-26,26,02,,2007,"{""type"":""MultiPoint"",""coordinates"":[]}"
2_2007_03_14,0.4600291935183327,2007-03-14,14,03,,2007,"{""type"":""MultiPoint"",""coordinates"":[]}"
2_2007_03_30,0.40984310791668405,2007-03-30,30,03,,2007,"{""type"":""MultiPoint"",""coordinates"":[]}"
2_2007_04_15,0.4531260012043493,2007-04-15,15,04,,2007,"{""type"":""MultiPoint"",""coordinates"":[]}"
2_2007_05_01,0.33206290148043044,2007-05-01,01,05,,2007,"{""type"":""MultiPoint"",""coordinates"":[]}"
2_2007_05_17,0.43107605879658273,2007-05-17,17,05,,2007,"{""type"":""MultiPoint"",""coordinates"":[]}"
2_2007_06_02,0.367622361586305,2007-06-02,02,06,,2007,"{""type"":""MultiPoint"",""coordinates"":[]}"
2_2007_06_18,0.45549164835886696,2007-06-18,18,06,,2007,"{""type"":""MultiPoint"",""coordinates"":[]}"
2_2007_07_04,0.49026057154508856,2007-07-04,04,07,,2007,"{""type"":""MultiPoint"",""coordinates"":[]}"
2_2007_07_20,0.4217494117407529,2007-07-20,20,07,,2007,"{""type"":""MultiPoint"",""coordinates"":[]}"
2_2007_08_05,0.5219881952570984,2007-08-05,05,08,,2007,"{""type"":""MultiPoint"",""coordinates"":[]}"
2_2007_08_21,0.3599570967289704,2007-08-21,21,08,,2007,"{""type"":""MultiPoint"",""coordinates"":[]}"
2_2007_09_06,0.4517748230104958,2007-09-06,06,09,,2007,"{""type"":""MultiPoint"",""coordinates"":[]}"
2_2007_09_22,0.46539795334055745,2007-09-22,22,09,,2007,"{""type"":""MultiPoint"",""coordinates"":[]}"
2_2007_10_08,0.3073313577618152,2007-10-08,08,10,,2007,"{""type"":""MultiPoint"",""coordinates"":[]}"
2_2007_10_24,0.28645502245461435,2007-10-24,24,10,,2007,"{""type"":""MultiPoint"",""coordinates"":[]}"
2_2007_11_09,0.3529528923068026,2007-11-09,09,11,,2007,"{""type"":""MultiPoint"",""coordinates"":[]}"
2_2007_11_25,0.4390719493006496,2007-11-25,25,11,,2007,"{""type"":""MultiPoint"",""coordinates"":[]}"
2_2007_12_11,0.4087379203706748,2007-12-11,11,12,,2007,"{""type"":""MultiPoint"",""coordinates"":[]}"
2_2007_12_27,0.4823858136494665,2007-12-27,27,12,,2007,"{""type"":""MultiPoint"",""coordinates"":[]}"
2_2008_01_09,0.45324081866987037,2008-01-09,09,01,,2008,"{""type"":""MultiPoint"",""coordinates"":[]}"
2_2008_01_25,0.421508377833533,2008-01-25,25,01,,2008,"{""type"":""MultiPoint"",""coordinates"":[]}"
2_2008_02_10,0.46118507093803207,2008-02-10,10,02,,2008,"{""type"":""MultiPoint"",""coordinates"":[]}"
2_2008_02_26,0.34839467746083547,2008-02-26,26,02,,2008,"{""type"":""MultiPoint"",""coordinates"":[]}"
2_2008_03_13,0.4057077292201777,2008-03-13,13,03,,2008,"{""type"":""MultiPoint"",""coordinates"":[]}"
2_2008_03_29,0.42537917048291646,2008-03-29,29,03,,2008,"{""type"":""MultiPoint"",""coordinates"":[]}"
2_2008_04_14,0.3218728143061803,2008-04-14,14,04,,2008,"{""type"":""MultiPoint"",""coordinates"":[]}"
2_2008_04_30,0.5120814109814129,2008-04-30,30,04,,2008,"{""type"":""MultiPoint"",""coordinates"":[]}"
2_2008_05_16,0.4470717204461332,2008-05-16,16,05,,2008,"{""type"":""MultiPoint"",""coordinates"":[]}"
2_2008_06_01,0.42107740718725856,2008-06-01,01,06,,2008,"{""type"":""MultiPoint"",""coordinates"":[]}"
2_2008_06_17,0.47075853999357314,2008-06-17,17,06,,2008,"{""type"":""MultiPoint"",""coordinates"":[]}"
2_2008_07_03,0.4023041432539152,2008-07-03,03,07,,2008,"{""type"":""MultiPoint"",""coordinates"":[]}"
2_2008_07_19,0.5232129957174941,2008-07-19,19,07,,2008,"{""type"":""MultiPoint"",""coordinates"":[]}"
2_2008_08_04,0.514137821248714,2008-08-04,04,08,,2008,"{""type"":""MultiPoint"",""coordinates"":[]}"
2_2008_08_20,0.3143678432882775,2008-08-20,20,08,,2008,"{""type"":""MultiPoint"",""coordinates"":[]}"
2_2008_09_05,0.43333955382434625,2008-09-05,05,09,,2008,"{""type"":""MultiPoint"",""coordinates"":[]}"
2_2008_09_21,0.49299762121251156,2008-09-21,21,09,,2008,"{""type"":""MultiPoint"",""coordinates"":[]}"
2_2008_10_07,0.34841420118056077,2008-10-07,07,10,,2008,"{""type"":""MultiPoint"",""coordinates"":[]}"
2_2008_10_23,0.41968029081307223,2008-10-23,23,10,,2008,"{""type"":""MultiPoint"",""coordinates"":[]}"
2_2008_11_08,0.2845489131302591,2008-11-08,08,11,,2008,"{""type"":""MultiPoint"",""coordinates"":[]}"
2_2008_11_24,0.11018048976702076,2008-11-24,24,11,,2008,"{""type"":""MultiPoint"",""coordinates"":[]}"
2_2008_12_10,0.3958955845900063,2008-12-10,10,12,,2008,"{""type"":""MultiPoint"",""coordinates"":[]}"
2_2008_12_26,0.3510639698106925,2008-12-26,26,12,,2008,"{""type"":""MultiPoint"",""coordinates"":[]}"
2_2009_01_09,0.30654357902206036,2009-01-09,09,01,,2009,"{""type"":""MultiPoint"",""coordinates"":[]}"
2_2009_01_25,0.3580490933571425,2009-01-25,25,01,,2009,"{""type"":""MultiPoint"",""coordinates"":[]}"
2_2009_02_10,0.4628346643116715,2009-02-10,10,02,,2009,"{""type"":""MultiPoint"",""coordinates"":[]}"
2_2009_02_26,0.43381738709621537,2009-02-26,26,02,,2009,"{""type"":""MultiPoint"",""coordinates"":[]}"
2_2009_03_14,0.44112255139695716,2009-03-14,14,03,,2009,"{""type"":""MultiPoint"",""coordinates"":[]}"
2_2009_03_30,0.4778198755175279,2009-03-30,30,03,,2009,"{""type"":""MultiPoint"",""coordinates"":[]}"
2_2009_04_15,0.4720472853873096,2009-04-15,15,04,,2009,"{""type"":""MultiPoint"",""coordinates"":[]}"
2_2009_05_01,0.43386620605325715,2009-05-01,01,05,,2009,"{""type"":""MultiPoint"",""coordinates"":[]}"
2_2009_05_17,0.509335805605989,2009-05-17,17,05,,2009,"{""type"":""MultiPoint"",""coordinates"":[]}"
2_2009_06_02,0.5146013464712158,2009-06-02,02,06,,2009,"{""type"":""MultiPoint"",""coordinates"":[]}"
2_2009_06_18,0.4975849391040796,2009-06-18,18,06,,2009,"{""type"":""MultiPoint"",""coordinates"":[]}"
2_2009_07_04,0.4240066163281605,2009-07-04,04,07,,2009,"{""type"":""MultiPoint"",""coordinates"":[]}"
2_2009_07_20,0.4811384929168103,2009-07-20,20,07,,2009,"{""type"":""MultiPoint"",""coordinates"":[]}"
2_2009_08_05,0.3539387037413291,2009-08-05,05,08,,2009,"{""type"":""MultiPoint"",""coordinates"":[]}"
2_2009_08_21,0.45692600449730025,2009-08-21,21,08,,2009,"{""type"":""MultiPoint"",""coordinates"":[]}"
2_2009_09_06,0.45200379213313757,2009-09-06,06,09,,2009,"{""type"":""MultiPoint"",""coordinates"":[]}"
2_2009_09_22,0.4715958168302425,2009-09-22,22,09,,2009,"{""type"":""MultiPoint"",""coordinates"":[]}"
2_2009_10_08,0.3699209523700299,2009-10-08,08,10,,2009,"{""type"":""MultiPoint"",""coordinates"":[]}"
2_2009_10_24,0.34144817529635646,2009-10-24,24,10,,2009,"{""type"":""MultiPoint"",""coordinates"":[]}"
2_2009_11_09,0.22151183212644723,2009-11-09,09,11,,2009,"{""type"":""MultiPoint"",""coordinates"":[]}"
2_2009_11_25,0.41418045495150574,2009-11-25,25,11,,2009,"{""type"":""MultiPoint"",""coordinates"":[]}"
2_2009_12_11,0.44401629293426836,2009-12-11,11,12,,2009,"{""type"":""MultiPoint"",""coordinates"":[]}"
2_2009_12_27,0.33593806160585965,2009-12-27,27,12,,2009,"{""type"":""MultiPoint"",""coordinates"":[]}"
2_2010_01_09,0.44831948194026217,2010-01-09,09,01,,2010,"{""type"":""MultiPoint"",""coordinates"":[]}"
2_2010_01_25,0.478564143303254,2010-01-25,25,01,,2010,"{""type"":""MultiPoint"",""coordinates"":[]}"
2_2010_02_10,0.5308160876214878,2010-02-10,10,02,,2010,"{""type"":""MultiPoint"",""coordinates"":[]}"
2_2010_02_26,0.45036526156366163,2010-02-26,26,02,,2010,"{""type"":""MultiPoint"",""coordinates"":[]}"
2_2010_03_14,0.4334875254071071,2010-03-14,14,03,,2010,"{""type"":""MultiPoint"",""coordinates"":[]}"
2_2010_03_30,0.4279653666610144,2010-03-30,30,03,,2010,"{""type"":""MultiPoint"",""coordinates"":[]}"
2_2010_04_15,0.37098114017256384,2010-04-15,15,04,,2010,"{""type"":""MultiPoint"",""coordinates"":[]}"
2_2010_05_01,0.4626141562366842,2010-05-01,01,05,,2010,"{""type"":""MultiPoint"",""coordinates"":[]}"
2_2010_05_17,0.4674111441706701,2010-05-17,17,05,,2010,"{""type"":""MultiPoint"",""coordinates"":[]}"
2_2010_06_02,0.4116079152875488,2010-06-02,02,06,,2010,"{""type"":""MultiPoint"",""coordinates"":[]}"
2_2010_06_18,0.4776682062931396,2010-06-18,18,06,,2010,"{""type"":""MultiPoint"",""coordinates"":[]}"
2_2010_07_04,0.41082911142851564,2010-07-04,04,07,,2010,"{""type"":""MultiPoint"",""coordinates"":[]}"
2_2010_07_20,0.463139679648024,2010-07-20,20,07,,2010,"{""type"":""MultiPoint"",""coordinates"":[]}"
2_2010_08_05,0.4443614854823353,2010-08-05,05,08,,2010,"{""type"":""MultiPoint"",""coordinates"":[]}"
2_2010_08_21,0.49513368029723653,2010-08-21,21,08,,2010,"{""type"":""MultiPoint"",""coordinates"":[]}"
2_2010_09_06,0.4882584857018908,2010-09-06,06,09,,2010,"{""type"":""MultiPoint"",""coordinates"":[]}"
2_2010_09_22,0.3435951291733181,2010-09-22,22,09,,2010,"{""type"":""MultiPoint"",""coordinates"":[]}"
2_2010_10_08,0.4742807982468575,2010-10-08,08,10,,2010,"{""type"":""MultiPoint"",""coordinates"":[]}"
2_2010_10_24,0.3163218077244426,2010-10-24,24,10,,2010,"{""type"":""MultiPoint"",""coordinates"":[]}"
2_2010_11_09,0.16809800488619006,2010-11-09,09,11,,2010,"{""type"":""MultiPoint"",""coordinates"":[]}"
2_2010_11_25,0.35463452182736566,2010-11-25,25,11,,2010,"{""type"":""MultiPoint"",""coordinates"":[]}"
2_2010_12_11,0.33346145685188694,2010-12-11,11,12,,2010,"{""type"":""MultiPoint"",""coordinates"":[]}"
2_2010_12_27,0.382408338992146,2010-12-27,27,12,,2010,"{""type"":""MultiPoint"",""coordinates"":[]}"
2_2011_01_09,0.4680019216570722,2011-01-09,09,01,,2011,"{""type"":""MultiPoint"",""coordinates"":[]}"
2_2011_01_25,0.41163220373831405,2011-01-25,25,01,,2011,"{""type"":""MultiPoint"",""coordinates"":[]}"
2_2011_02_10,0.3891694957264948,2011-02-10,10,02,,2011,"{""type"":""MultiPoint"",""coordinates"":[]}"
2_2011_02_26,0.41489138021722627,2011-02-26,26,02,,2011,"{""type"":""MultiPoint"",""coordinates"":[]}"
2_2011_03_14,0.46494619909112606,2011-03-14,14,03,,2011,"{""type"":""MultiPoint"",""coordinates"":[]}"
2_2011_03_30,0.4906637896405703,2011-03-30,30,03,,2011,"{""type"":""MultiPoint"",""coordinates"":[]}"
2_2011_04_15,0.3031425971898141,2011-04-15,15,04,,2011,"{""type"":""MultiPoint"",""coordinates"":[]}"
2_2011_05_01,0.49120230637417517,2011-05-01,01,05,,2011,"{""type"":""MultiPoint"",""coordinates"":[]}"
2_2011_05_17,0.43109501345241846,2011-05-17,17,05,,2011,"{""type"":""MultiPoint"",""coordinates"":[]}"
2_2011_06_02,0.4944193574433537,2011-06-02,02,06,,2011,"{""type"":""MultiPoint"",""coordinates"":[]}"
2_2011_06_18,0.4618813022132241,2011-06-18,18,06,,2011,"{""type"":""MultiPoint"",""coordinates"":[]}"
2_2011_07_04,0.5040377734560376,2011-07-04,04,07,,2011,"{""type"":""MultiPoint"",""coordinates"":[]}"
2_2011_07_20,0.4637329165087558,2011-07-20,20,07,,2011,"{""type"":""MultiPoint"",""coordinates"":[]}"
2_2011_08_05,0.44535970830881305,2011-08-05,05,08,,2011,"{""type"":""MultiPoint"",""coordinates"":[]}"
2_2011_08_21,0.4485152129432862,2011-08-21,21,08,,2011,"{""type"":""MultiPoint"",""coordinates"":[]}"
2_2011_09_06,0.5588904341049796,2011-09-06,06,09,,2011,"{""type"":""MultiPoint"",""coordinates"":[]}"
2_2011_09_22,0.434837001350386,2011-09-22,22,09,,2011,"{""type"":""MultiPoint"",""coordinates"":[]}"
2_2011_10_08,0.3920296732803689,2011-10-08,08,10,,2011,"{""type"":""MultiPoint"",""coordinates"":[]}"
2_2011_10_24,0.3747231832743225,2011-10-24,24,10,,2011,"{""type"":""MultiPoint"",""coordinates"":[]}"
2_2011_11_09,0.4102471681537271,2011-11-09,09,11,,2011,"{""type"":""MultiPoint"",""coordinates"":[]}"
2_2011_11_25,0.4045404576531366,2011-11-25,25,11,,2011,"{""type"":""MultiPoint"",""coordinates"":[]}"
2_2011_12_11,0.34952356546436114,2011-12-11,11,12,,2011,"{""type"":""MultiPoint"",""coordinates"":[]}"
2_2011_12_27,0.4259289636996042,2011-12-27,27,12,,2011,"{""type"":""MultiPoint"",""coordinates"":[]}"
2_2012_01_09,0.3288136024949405,2012-01-09,09,01,,2012,"{""type"":""MultiPoint"",""coordinates"":[]}"
2_2012_01_25,0.510154820871205,2012-01-25,25,01,,2012,"{""type"":""MultiPoint"",""coordinates"":[]}"
2_2012_02_10,0.42279760748610506,2012-02-10,10,02,,2012,"{""type"":""MultiPoint"",""coordinates"":[]}"
2_2012_02_26,0.3531316265086053,2012-02-26,26,02,,2012,"{""type"":""MultiPoint"",""coordinates"":[]}"
2_2012_03_13,0.45668937830330103,2012-03-13,13,03,,2012,"{""type"":""MultiPoint"",""coordinates"":[]}"
2_2012_03_29,0.3651443914452735,2012-03-29,29,03,,2012,"{""type"":""MultiPoint"",""coordinates"":[]}"
2_2012_04_14,0.46383076645789606,2012-04-14,14,04,,2012,"{""type"":""MultiPoint"",""coordinates"":[]}"
2_2012_04_30,0.45861446550659457,2012-04-30,30,04,,2012,"{""type"":""MultiPoint"",""coordinates"":[]}"
2_2012_05_16,0.41087628825149797,2012-05-16,16,05,,2012,"{""type"":""MultiPoint"",""coordinates"":[]}"
2_2012_06_01,0.5143366268074862,2012-06-01,01,06,,2012,"{""type"":""MultiPoint"",""coordinates"":[]}"
2_2012_06_17,0.5066891915976676,2012-06-17,17,06,,2012,"{""type"":""MultiPoint"",""coordinates"":[]}"
2_2012_07_03,0.37714191284212617,2012-07-03,03,07,,2012,"{""type"":""MultiPoint"",""coordinates"":[]}"
2_2012_07_19,0.5090654886915206,2012-07-19,19,07,,2012,"{""type"":""MultiPoint"",""coordinates"":[]}"
2_2012_08_04,0.4386612162936044,2012-08-04,04,08,,2012,"{""type"":""MultiPoint"",""coordinates"":[]}"
2_2012_08_20,0.4571854727746573,2012-08-20,20,08,,2012,"{""type"":""MultiPoint"",""coordinates"":[]}"
2_2012_09_05,0.4153753118412259,2012-09-05,05,09,,2012,"{""type"":""MultiPoint"",""coordinates"":[]}"
2_2012_09_21,0.4394872741528877,2012-09-21,21,09,,2012,"{""type"":""MultiPoint"",""coordinates"":[]}"
2_2012_10_07,0.33021296892364754,2012-10-07,07,10,,2012,"{""type"":""MultiPoint"",""coordinates"":[]}"
2_2012_10_23,0.21300270363364032,2012-10-23,23,10,,2012,"{""type"":""MultiPoint"",""coordinates"":[]}"
2_2012_11_08,0.30749116546710425,2012-11-08,08,11,,2012,"{""type"":""MultiPoint"",""coordinates"":[]}"
2_2012_11_24,0.4123721594000637,2012-11-24,24,11,,2012,"{""type"":""MultiPoint"",""coordinates"":[]}"
2_2012_12_10,0.30227431735205473,2012-12-10,10,12,,2012,"{""type"":""MultiPoint"",""coordinates"":[]}"
2_2012_12_26,0.3334462507764278,2012-12-26,26,12,,2012,"{""type"":""MultiPoint"",""coordinates"":[]}"
2_2013_01_09,0.4853474640782512,2013-01-09,09,01,,2013,"{""type"":""MultiPoint"",""coordinates"":[]}"
2_2013_01_25,0.37721521764783367,2013-01-25,25,01,,2013,"{""type"":""MultiPoint"",""coordinates"":[]}"
2_2013_02_10,0.42364259659139053,2013-02-10,10,02,,2013,"{""type"":""MultiPoint"",""coordinates"":[]}"
2_2013_02_26,0.4770482355705137,2013-02-26,26,02,,2013,"{""type"":""MultiPoint"",""coordinates"":[]}"
2_2013_03_14,0.4670408965330969,2013-03-14,14,03,,2013,"{""type"":""MultiPoint"",""coordinates"":[]}"
2_2013_03_30,0.4401556637013513,2013-03-30,30,03,,2013,"{""type"":""MultiPoint"",""coordinates"":[]}"
2_2013_04_15,0.42733683528634575,2013-04-15,15,04,,2013,"{""type"":""MultiPoint"",""coordinates"":[]}"
2_2013_05_01,0.5154132907988719,2013-05-01,01,05,,2013,"{""type"":""MultiPoint"",""coordinates"":[]}"
2_2013_05_17,0.4387285691266423,2013-05-17,17,05,,2013,"{""type"":""MultiPoint"",""coordinates"":[]}"
2_2013_06_02,0.3909089519918906,2013-06-02,02,06,,2013,"{""type"":""MultiPoint"",""coordinates"":[]}"
2_2013_06_18,0.46700051247611496,2013-06-18,18,06,,2013,"{""type"":""MultiPoint"",""coordinates"":[]}"
2_2013_07_04,0.5037722384311114,2013-07-04,04,07,,2013,"{""type"":""MultiPoint"",""coordinates"":[]}"
2_2013_07_20,0.4782970805693413,2013-07-20,20,07,,2013,"{""type"":""MultiPoint"",""coordinates"":[]}"
2_2013_08_05,0.45158984291277404,2013-08-05,05,08,,2013,"{""type"":""MultiPoint"",""coordinates"":[]}"
2_2013_08_21,0.4184869433481026,2013-08-21,21,08,,2013,"{""type"":""MultiPoint"",""coordinates"":[]}"
2_2013_09_06,0.5073142428629369,2013-09-06,06,09,,2013,"{""type"":""MultiPoint"",""coordinates"":[]}"
2_2013_09_22,0.39049977008147363,2013-09-22,22,09,,2013,"{""type"":""MultiPoint"",""coordinates"":[]}"
2_2013_10_08,0.3615337996286847,2013-10-08,08,10,,2013,"{""type"":""MultiPoint"",""coordinates"":[]}"
2_2013_10_24,0.27827796722504067,2013-10-24,24,10,,2013,"{""type"":""MultiPoint"",""coordinates"":[]}"
2_2013_11_09,0.27882388042576456,2013-11-09,09,11,,2013,"{""type"":""MultiPoint"",""coordinates"":[]}"
2_2013_11_25,0.34200374570994685,2013-11-25,25,11,,2013,"{""type"":""MultiPoint"",""coordinates"":[]}"
2_2013_12_11,0.37846503224477157,2013-12-11,11,12,,2013,"{""type"":""MultiPoint"",""coordinates"":[]}"
2_2013_12_27,0.37459695682364563,2013-12-27,27,12,,2013,"{""type"":""MultiPoint"",""coordinates"":[]}"
2_2014_01_09,0.4441551606310026,2014-01-09,09,01,,2014,"{""type"":""MultiPoint"",""coordinates"":[]}"
2_2014_01_25,0.5100685843607208,2014-01-25,25,01,,2014,"{""type"":""MultiPoint"",""coordinates"":[]}"
2_2014_02_10,0.4723329142819678,2014-02-10,10,02,,2014,"{""type"":""MultiPoint"",""coordinates"":[]}"
2_2014_02_26,0.4657248663209842,2014-02-26,26,02,,2014,"{""type"":""MultiPoint"",""coordinates"":[]}"
2_2014_03_14,0.4356815442011477,2014-03-14,14,03,,2014,"{""type"":""MultiPoint"",""coordinates"":[]}"
2_2014_03_30,0.4360617617925767,2014-03-30,30,03,,2014,"{""type"":""MultiPoint"",""coordinates"":[]}"
2_2014_04_15,0.42050015369939986,2014-04-15,15,04,,2014,"{""type"":""MultiPoint"",""coordinates"":[]}"
2_2014_05_01,0.3977769823790797,2014-05-01,01,05,,2014,"{""type"":""MultiPoint"",""coordinates"":[]}"
2_2014_05_17,0.35642802025103704,2014-05-17,17,05,,2014,"{""type"":""MultiPoint"",""coordinates"":[]}"
2_2014_06_02,0.4503228360194801,2014-06-02,02,06,,2014,"{""type"":""MultiPoint"",""coordinates"":[]}"
2_2014_06_18,0.4873320205542165,2014-06-18,18,06,,2014,"{""type"":""MultiPoint"",""coordinates"":[]}"
2_2014_07_04,0.4271155166765249,2014-07-04,04,07,,2014,"{""type"":""MultiPoint"",""coordinates"":[]}"
2_2014_07_20,0.4892090543665175,2014-07-20,20,07,,2014,"{""type"":""MultiPoint"",""coordinates"":[]}"
2_2014_08_05,0.402694933113027,2014-08-05,05,08,,2014,"{""type"":""MultiPoint"",""coordinates"":[]}"
2_2014_08_21,0.4320158379412459,2014-08-21,21,08,,2014,"{""type"":""MultiPoint"",""coordinates"":[]}"
2_2014_09_06,0.37473633839579995,2014-09-06,06,09,,2014,"{""type"":""MultiPoint"",""coordinates"":[]}"
2_2014_09_22,0.2883822870450076,2014-09-22,22,09,,2014,"{""type"":""MultiPoint"",""coordinates"":[]}"
2_2014_10_08,0.44116197670630647,2014-10-08,08,10,,2014,"{""type"":""MultiPoint"",""coordinates"":[]}"
2_2014_10_24,0.49032624290364063,2014-10-24,24,10,,2014,"{""type"":""MultiPoint"",""coordinates"":[]}"
2_2014_11_09,0.35977119502694416,2014-11-09,09,11,,2014,"{""type"":""MultiPoint"",""coordinates"":[]}"
2_2014_11_25,0.4415967137224846,2014-11-25,25,11,,2014,"{""type"":""MultiPoint"",""coordinates"":[]}"
2_2014_12_11,0.3805222065336205,2014-12-11,11,12,,2014,"{""type"":""MultiPoint"",""coordinates"":[]}"
2_2014_12_27,0.3757747647706783,2014-12-27,27,12,,2014,"{""type"":""MultiPoint"",""coordinates"":[]}"
2_2015_01_09,0.48937115635791156,2015-01-09,09,01,,2015,"{""type"":""MultiPoint"",""coordinates"":[]}"
2_2015_01_25,0.4336242590927952,2015-01-25,25,01,,2015,"{""type"":""MultiPoint"",""coordinates"":[]}"
2_2015_02_10,0.4674488512281171,2015-02-10,10,02,,2015,"{""type"":""MultiPoint"",""coordinates"":[]}"
2_2015_02_26,0.4856912274287305,2015-02-26,26,02,,2015,"{""type"":""MultiPoint"",""coordinates"":[]}"
2_2015_03_14,0.4724422757055899,2015-03-14,14,03,,2015,"{""type"":""MultiPoint"",""coordinates"":[]}"
2_2015_03_30,0.40051878450828976,2015-03-30,30,03,,2015,"{""type"":""MultiPoint"",""coordinates"":[]}"
2_2015_04_15,0.2947093425203451,2015-04-15,15,04,,2015,"{""type"":""MultiPoint"",""coordinates"":[]}"
2_2015_05_01,0.37162777712246836,2015-05-01,01,05,,2015,"{""type"":""MultiPoint"",""coordinates"":[]}"
2_2015_05_17,0.49284208058512347,2015-05-17,17,05,,2015,"{""type"":""MultiPoint"",""coordinates"":[]}"
2_2015_06_02,0.45845946005034094,2015-06-02,02,06,,2015,"{""type"":""MultiPoint"",""coordinates"":[]}"
2_2015_06_18,0.4956141050593347,2015-06-18,18,06,,2015,"{""type"":""MultiPoint"",""coordinates"":[]}"
2_2015_07_04,0.4846224879928975,2015-07-04,04,07,,2015,"{""type"":""MultiPoint"",""coordinates"":[]}"
2_2015_07_20,0.4917919914719523,2015-07-20,20,07,,2015,"{""type"":""MultiPoint"",""coordinates"":[]}"
2_2015_08_05,0.4218006687606754,2015-08-05,05,08,,2015,"{""type"":""MultiPoint"",""coordinates"":[]}"
2_2015_08_21,0.46655222930447776,2015-08-21,21,08,,2015,"{""type"":""MultiPoint"",""coordinates"":[]}"
2_2015_09_06,0.5237487458751261,2015-09-06,06,09,,2015,"{""type"":""MultiPoint"",""coordinates"":[]}"
2_2015_09_22,0.44274819026794576,2015-09-22,22,09,,2015,"{""type"":""MultiPoint"",""coordinates"":[]}"
2_2015_10_08,0.3316241429773778,2015-10-08,08,10,,2015,"{""type"":""MultiPoint"",""coordinates"":[]}"
2_2015_10_24,0.3827679855438804,2015-10-24,24,10,,2015,"{""type"":""MultiPoint"",""coordinates"":[]}"
2_2015_11_09,0.28171273116851525,2015-11-09,09,11,,2015,"{""type"":""MultiPoint"",""coordinates"":[]}"
2_2015_11_25,0.3516024600879584,2015-11-25,25,11,,2015,"{""type"":""MultiPoint"",""coordinates"":[]}"
2_2015_12_11,0.4009878834450674,2015-12-11,11,12,,2015,"{""type"":""MultiPoint"",""coordinates"":[]}"
2_2015_12_27,0.41068266515124996,2015-12-27,27,12,,2015,"{""type"":""MultiPoint"",""coordinates"":[]}"
2_2016_01_09,0.45598983333697524,2016-01-09,09,01,,2016,"{""type"":""MultiPoint"",""coordinates"":[]}"
2_2016_01_25,0.3691878514465747,2016-01-25,25,01,,2016,"{""type"":""MultiPoint"",""coordinates"":[]}"
2_2016_02_10,0.4465017286418736,2016-02-10,10,02,,2016,"{""type"":""MultiPoint"",""coordinates"":[]}"
2_2016_02_26,0.4552571052229071,2016-02-26,26,02,,2016,"{""type"":""MultiPoint"",""coordinates"":[]}"
2_2016_03_13,0.4849714054534493,2016-03-13,13,03,,2016,"{""type"":""MultiPoint"",""coordinates"":[]}"
2_2016_03_29,0.40291779908648945,2016-03-29,29,03,,2016,"{""type"":""MultiPoint"",""coordinates"":[]}"
2_2016_04_14,0.4717830098994617,2016-04-14,14,04,,2016,"{""type"":""MultiPoint"",""coordinates"":[]}"
2_2016_04_30,0.38818760998350266,2016-04-30,30,04,,2016,"{""type"":""MultiPoint"",""coordinates"":[]}"
2_2016_05_16,0.29540067921243196,2016-05-16,16,05,,2016,"{""type"":""MultiPoint"",""coordinates"":[]}"
2_2016_06_01,0.5147574287408474,2016-06-01,01,06,,2016,"{""type"":""MultiPoint"",""coordinates"":[]}"
2_2016_06_17,0.4786040969880947,2016-06-17,17,06,,2016,"{""type"":""MultiPoint"",""coordinates"":[]}"
2_2016_07_03,0.47103819457036755,2016-07-03,03,07,,2016,"{""type"":""MultiPoint"",""coordinates"":[]}"
2_2016_07_19,0.4620489743259369,2016-07-19,19,07,,2016,"{""type"":""MultiPoint"",""coordinates"":[]}"
2_2016_08_04,0.4660029590464271,2016-08-04,04,08,,2016,"{""type"":""MultiPoint"",""coordinates"":[]}"
2_2016_08_20,0.43200703317116657,2016-08-20,20,08,,2016,"{""type"":""MultiPoint"",""coordinates"":[]}"
2_2016_09_05,0.5072587766658128,2016-09-05,05,09,,2016,"{""type"":""MultiPoint"",""coordinates"":[]}"
2_2016_09_21,0.44147907439954837,2016-09-21,21,09,,2016,"{""type"":""MultiPoint"",""coordinates"":[]}"
2_2016_10_07,0.3794287759067478,2016-10-07,07,10,,2016,"{""type"":""MultiPoint"",""coordinates"":[]}"
2_2016_10_23,0.3665054293009372,2016-10-23,23,10,,2016,"{""type"":""MultiPoint"",""coordinates"":[]}"
2_2016_11_08,0.26809595219352716,2016-11-08,08,11,,2016,"{""type"":""MultiPoint"",""coordinates"":[]}"
2_2016_11_24,0.3253070397245405,2016-11-24,24,11,,2016,"{""type"":""MultiPoint"",""coordinates"":[]}"
2_2016_12_10,0.37605606084342985,2016-12-10,10,12,,2016,"{""type"":""MultiPoint"",""coordinates"":[]}"
2_2016_12_26,0.4307081183839716,2016-12-26,26,12,,2016,"{""type"":""MultiPoint"",""coordinates"":[]}"
2_2017_01_09,0.4155629685581627,2017-01-09,09,01,,2017,"{""type"":""MultiPoint"",""coordinates"":[]}"
2_2017_01_25,0.4689399536118575,2017-01-25,25,01,,2017,"{""type"":""MultiPoint"",""coordinates"":[]}"
2_2017_02_10,0.4526014344913593,2017-02-10,10,02,,2017,"{""type"":""MultiPoint"",""coordinates"":[]}"
2_2017_02_26,0.45529746933520276,2017-02-26,26,02,,2017,"{""type"":""MultiPoint"",""coordinates"":[]}"
2_2017_03_14,0.38153724070687606,2017-03-14,14,03,,2017,"{""type"":""MultiPoint"",""coordinates"":[]}"
2_2017_03_30,0.41973750233811274,2017-03-30,30,03,,2017,"{""type"":""MultiPoint"",""coordinates"":[]}"
2_2017_04_15,0.37051551804291566,2017-04-15,15,04,,2017,"{""type"":""MultiPoint"",""coordinates"":[]}"
2_2017_05_01,0.36411720868271014,2017-05-01,01,05,,2017,"{""type"":""MultiPoint"",""coordinates"":[]}"
2_2017_05_17,0.4150362391516672,2017-05-17,17,05,,2017,"{""type"":""MultiPoint"",""coordinates"":[]}"
2_2017_06_02,0.4743508671653744,2017-06-02,02,06,,2017,"{""type"":""MultiPoint"",""coordinates"":[]}"
2_2017_06_18,0.5056210068683658,2017-06-18,18,06,,2017,"{""type"":""MultiPoint"",""coordinates"":[]}"
2_2017_07_04,0.5177645901053443,2017-07-04,04,07,,2017,"{""type"":""MultiPoint"",""coordinates"":[]}"
2_2017_07_20,0.5105485285349723,2017-07-20,20,07,,2017,"{""type"":""MultiPoint"",""coordinates"":[]}"
2_2017_08_05,0.4560812670737641,2017-08-05,05,08,,2017,"{""type"":""MultiPoint"",""coordinates"":[]}"
2_2017_08_21,0.4750271888222318,2017-08-21,21,08,,2017,"{""type"":""MultiPoint"",""coordinates"":[]}"
2_2017_09_06,0.2994061157591149,2017-09-06,06,09,,2017,"{""type"":""MultiPoint"",""coordinates"":[]}"
2_2017_09_22,0.37011679037451073,2017-09-22,22,09,,2017,"{""type"":""MultiPoint"",""coordinates"":[]}"
2_2017_10_08,0.5136804258612293,2017-10-08,08,10,,2017,"{""type"":""MultiPoint"",""coordinates"":[]}"
2_2017_10_24,0.281955226012979,2017-10-24,24,10,,2017,"{""type"":""MultiPoint"",""coordinates"":[]}"
2_2017_11_09,0.33181338991726644,2017-11-09,09,11,,2017,"{""type"":""MultiPoint"",""coordinates"":[]}"
2_2017_11_25,0.247320261132787,2017-11-25,25,11,,2017,"{""type"":""MultiPoint"",""coordinates"":[]}"
2_2017_12_11,0.49623106498473435,2017-12-11,11,12,,2017,"{""type"":""MultiPoint"",""coordinates"":[]}"
2_2017_12_27,0.3330050145147056,2017-12-27,27,12,,2017,"{""type"":""MultiPoint"",""coordinates"":[]}"
2_2018_01_09,0.4608663852021173,2018-01-09,09,01,,2018,"{""type"":""MultiPoint"",""coordinates"":[]}"
2_2018_01_25,0.4421980935843483,2018-01-25,25,01,,2018,"{""type"":""MultiPoint"",""coordinates"":[]}"
2_2018_02_10,0.4701219973423841,2018-02-10,10,02,,2018,"{""type"":""MultiPoint"",""coordinates"":[]}"
2_2018_02_26,0.4076815311571777,2018-02-26,26,02,,2018,"{""type"":""MultiPoint"",""coordinates"":[]}"
2_2018_03_14,0.4880138192328407,2018-03-14,14,03,,2018,"{""type"":""MultiPoint"",""coordinates"":[]}"
2_2018_03_30,0.41709092495461,2018-03-30,30,03,,2018,"{""type"":""MultiPoint"",""coordinates"":[]}"
2_2018_04_15,0.33853724491709514,2018-04-15,15,04,,2018,"{""type"":""MultiPoint"",""coordinates"":[]}"
2_2018_05_01,0.39557265424713883,2018-05-01,01,05,,2018,"{""type"":""MultiPoint"",""coordinates"":[]}"
2_2018_05_17,0.3305377422392535,2018-05-17,17,05,,2018,"{""type"":""MultiPoint"",""coordinates"":[]}"
2_2018_06_02,0.46559682609634157,2018-06-02,02,06,,2018,"{""type"":""MultiPoint"",""coordinates"":[]}"
2_2018_06_18,0.43058624870659407,2018-06-18,18,06,,2018,"{""type"":""MultiPoint"",""coordinates"":[]}"
2_2018_07_04,0.49903260601915483,2018-07-04,04,07,,2018,"{""type"":""MultiPoint"",""coordinates"":[]}"
2_2018_07_20,0.48167819004783347,2018-07-20,20,07,,2018,"{""type"":""MultiPoint"",""coordinates"":[]}"
2_2018_08_05,0.4720051168002165,2018-08-05,05,08,,2018,"{""type"":""MultiPoint"",""coordinates"":[]}"
2_2018_08_21,0.46316889485519935,2018-08-21,21,08,,2018,"{""type"":""MultiPoint"",""coordinates"":[]}"
2_2018_09_06,0.4511272016406964,2018-09-06,06,09,,2018,"{""type"":""MultiPoint"",""coordinates"":[]}"
2_2018_09_22,0.34872104061364667,2018-09-22,22,09,,2018,"{""type"":""MultiPoint"",""coordinates"":[]}"
2_2018_10_08,0.3250603856359994,2018-10-08,08,10,,2018,"{""type"":""MultiPoint"",""coordinates"":[]}"
2_2018_10_24,0.4756139343417928,2018-10-24,24,10,,2018,"{""type"":""MultiPoint"",""coordinates"":[]}"
2_2018_11_09,0.3704220369107898,2018-11-09,09,11,,2018,"{""type"":""MultiPoint"",""coordinates"":[]}"
2_2018_11_25,0.3919295132574899,2018-11-25,25,11,,2018,"{""type"":""MultiPoint"",""coordinates"":[]}"
2_2018_12_11,0.32819574472718466,2018-12-11,11,12,,2018,"{""type"":""MultiPoint"",""coordinates"":[]}"
2_2018_12_27,0.4307784786782737,2018-12-27,27,12,,2018,"{""type"":""MultiPoint"",""coordinates"":[]}"
2_2019_01_09,0.45944335991445956,2019-01-09,09,01,,2019,"{""type"":""MultiPoint"",""coordinates"":[]}"
2_2019_01_25,0.44865638669010716,2019-01-25,25,01,,2019,"{""type"":""MultiPoint"",""coordinates"":[]}"
2_2019_02_10,0.5301654423317118,2019-02-10,10,02,,2019,"{""type"":""MultiPoint"",""coordinates"":[]}"
2_2019_02_26,0.466744235024237,2019-02-26,26,02,,2019,"{""type"":""MultiPoint"",""coordinates"":[]}"
2_2019_03_14,0.5223443941300947,2019-03-14,14,03,,2019,"{""type"":""MultiPoint"",""coordinates"":[]}"
2_2019_03_30,0.4861677831877291,2019-03-30,30,03,,2019,"{""type"":""MultiPoint"",""coordinates"":[]}"
2_2019_04_15,0.3907864178248712,2019-04-15,15,04,,2019,"{""type"":""MultiPoint"",""coordinates"":[]}"
2_2019_05_01,0.5247777060162506,2019-05-01,01,05,,2019,"{""type"":""MultiPoint"",""coordinates"":[]}"
2_2019_05_17,0.38627972599873656,2019-05-17,17,05,,2019,"{""type"":""MultiPoint"",""coordinates"":[]}"
2_2019_06_02,0.471168869906837,2019-06-02,02,06,,2019,"{""type"":""MultiPoint"",""coordinates"":[]}"
2_2019_06_18,0.5242214916018026,2019-06-18,18,06,,2019,"{""type"":""MultiPoint"",""coordinates"":[]}"
2_2019_07_04,0.524689283553191,2019-07-04,04,07,,2019,"{""type"":""MultiPoint"",""coordinates"":[]}"
2_2019_07_20,0.4884776162450294,2019-07-20,20,07,,2019,"{""type"":""MultiPoint"",""coordinates"":[]}"
2_2019_08_05,0.5336523324881896,2019-08-05,05,08,,2019,"{""type"":""MultiPoint"",""coordinates"":[]}"
2_2019_08_21,0.43781502746102174,2019-08-21,21,08,,2019,"{""type"":""MultiPoint"",""coordinates"":[]}"
2_2019_09_06,0.3171925419141154,2019-09-06,06,09,,2019,"{""type"":""MultiPoint"",""coordinates"":[]}"
2_2019_09_22,0.32833130002077326,2019-09-22,22,09,,2019,"{""type"":""MultiPoint"",""coordinates"":[]}"
2_2019_10_08,0.350119907245015,2019-10-08,08,10,,2019,"{""type"":""MultiPoint"",""coordinates"":[]}"
2_2019_10_24,0.3901464181041724,2019-10-24,24,10,,2019,"{""type"":""MultiPoint"",""coordinates"":[]}"
2_2019_11_09,0.3371764324687996,2019-11-09,09,11,,2019,"{""type"":""MultiPoint"",""coordinates"":[]}"
2_2019_11_25,0.3434700682799835,2019-11-25,25,11,,2019,"{""type"":""MultiPoint"",""coordinates"":[]}"
2_2019_12_11,0.4273501213930283,2019-12-11,11,12,,2019,"{""type"":""MultiPoint"",""coordinates"":[]}"
2_2019_12_27,0.4333441557017243,2019-12-27,27,12,,2019,"{""type"":""MultiPoint"",""coordinates"":[]}"
2_2020_01_09,0.43822005216308824,2020-01-09,09,01,,2020,"{""type"":""MultiPoint"",""coordinates"":[]}"
2_2020_01_25,0.4047123422453474,2020-01-25,25,01,,2020,"{""type"":""MultiPoint"",""coordinates"":[]}"
2_2020_02_10,0.41577968605984916,2020-02-10,10,02,,2020,"{""type"":""MultiPoint"",""coordinates"":[]}"
2_2020_02_26,0.47227127414213343,2020-02-26,26,02,,2020,"{""type"":""MultiPoint"",""coordinates"":[]}"
2_2020_03_13,0.4940749573087945,2020-03-13,13,03,,2020,"{""type"":""MultiPoint"",""coordinates"":[]}"
2_2020_03_29,0.4214195712114259,2020-03-29,29,03,,2020,"{""type"":""MultiPoint"",""coordinates"":[]}"
2_2020_04_14,0.4647026476910849,2020-04-14,14,04,,2020,"{""type"":""MultiPoint"",""coordinates"":[]}"
2_2020_04_30,0.2901914170705186,2020-04-30,30,04,,2020,"{""type"":""MultiPoint"",""coordinates"":[]}"
2_2020_05_16,0.42279438569166566,2020-05-16,16,05,,2020,"{""type"":""MultiPoint"",""coordinates"":[]}"
2_2020_06_01,0.3921437448350958,2020-06-01,01,06,,2020,"{""type"":""MultiPoint"",""coordinates"":[]}"
2_2020_06_17,0.49539576270303926,2020-06-17,17,06,,2020,"{""type"":""MultiPoint"",""coordinates"":[]}"
2_2020_07_03,0.4315505750538802,2020-07-03,03,07,,2020,"{""type"":""MultiPoint"",""coordinates"":[]}"
2_2020_07_19,0.30719686648832406,2020-07-19,19,07,,2020,"{""type"":""MultiPoint"",""coordinates"":[]}"
2_2020_08_04,0.43632942252536183,2020-08-04,04,08,,2020,"{""type"":""MultiPoint"",""coordinates"":[]}"
2_2020_08_20,0.06986885736162865,2020-08-20,20,08,,2020,"{""type"":""MultiPoint"",""coordinates"":[]}"
2_2020_09_05,0.5214701674311577,2020-09-05,05,09,,2020,"{""type"":""MultiPoint"",""coordinates"":[]}"
2_2020_09_21,0.4654999482111992,2020-09-21,21,09,,2020,"{""type"":""MultiPoint"",""coordinates"":[]}"
2_2020_10_07,0.308185647537625,2020-10-07,07,10,,2020,"{""type"":""MultiPoint"",""coordinates"":[]}"
2_2020_10_23,0.37290185986295665,2020-10-23,23,10,,2020,"{""type"":""MultiPoint"",""coordinates"":[]}"
2_2020_11_08,0.3330047196247577,2020-11-08,08,11,,2020,"{""type"":""MultiPoint"",""coordinates"":[]}"
2_2020_11_24,0.33779983473599784,2020-11-24,24,11,,2020,"{""type"":""MultiPoint"",""coordinates"":[]}"
2_2020_12_10,0.4218784184690836,2020-12-10,10,12,,2020,"{""type"":""MultiPoint"",""coordinates"":[]}"
2_2020_12_26,0.4088155647640531,2020-12-26,26,12,,2020,"{""type"":""MultiPoint"",""coordinates"":[]}"
2_2021_01_09,0.3861062967973744,2021-01-09,09,01,,2021,"{""type"":""MultiPoint"",""coordinates"":[]}"
2_2021_01_25,0.3949083743964911,2021-01-25,25,01,,2021,"{""type"":""MultiPoint"",""coordinates"":[]}"
2_2021_02_10,0.5003553980983851,2021-02-10,10,02,,2021,"{""type"":""MultiPoint"",""coordinates"":[]}"
2_2021_02_26,0.4773427820445379,2021-02-26,26,02,,2021,"{""type"":""MultiPoint"",""coordinates"":[]}"
2_2021_03_14,0.40909228876063936,2021-03-14,14,03,,2021,"{""type"":""MultiPoint"",""coordinates"":[]}"
2_2021_03_30,0.40436865880717854,2021-03-30,30,03,,2021,"{""type"":""MultiPoint"",""coordinates"":[]}"
2_2021_04_15,0.44021866728566167,2021-04-15,15,04,,2021,"{""type"":""MultiPoint"",""coordinates"":[]}"
2_2021_05_01,0.37045820285521786,2021-05-01,01,05,,2021,"{""type"":""MultiPoint"",""coordinates"":[]}"
2_2021_05_17,0.4213801654284727,2021-05-17,17,05,,2021,"{""type"":""MultiPoint"",""coordinates"":[]}"
2_2021_06_02,0.49395993684311673,2021-06-02,02,06,,2021,"{""type"":""MultiPoint"",""coordinates"":[]}"
2_2021_06_18,0.5066207375574903,2021-06-18,18,06,,2021,"{""type"":""MultiPoint"",""coordinates"":[]}"
2_2021_07_04,0.4933551471857106,2021-07-04,04,07,,2021,"{""type"":""MultiPoint"",""coordinates"":[]}"
2_2021_07_20,0.5190386383316352,2021-07-20,20,07,,2021,"{""type"":""MultiPoint"",""coordinates"":[]}"
2_2021_08_05,0.5051903529335009,2021-08-05,05,08,,2021,"{""type"":""MultiPoint"",""coordinates"":[]}"
2_2021_08_21,0.5757867256639437,2021-08-21,21,08,,2021,"{""type"":""MultiPoint"",""coordinates"":[]}"
2_2021_09_06,0.48485637466830506,2021-09-06,06,09,,2021,"{""type"":""MultiPoint"",""coordinates"":[]}"
2_2021_09_22,0.5238153363234218,2021-09-22,22,09,,2021,"{""type"":""MultiPoint"",""coordinates"":[]}"
2_2021_10_08,0.40615810086707704,2021-10-08,08,10,,2021,"{""type"":""MultiPoint"",""coordinates"":[]}"
2_2021_10_24,0.2763123615207214,2021-10-24,24,10,,2021,"{""type"":""MultiPoint"",""coordinates"":[]}"
2_2021_11_09,0.32227222637043973,2021-11-09,09,11,,2021,"{""type"":""MultiPoint"",""coordinates"":[]}"
2_2021_11_25,0.4796541352244063,2021-11-25,25,11,,2021,"{""type"":""MultiPoint"",""coordinates"":[]}"
2_2021_12_11,0.45480458991283645,2021-12-11,11,12,,2021,"{""type"":""MultiPoint"",""coordinates"":[]}"
2_2021_12_27,0.40437743416335203,2021-12-27,27,12,,2021,"{""type"":""MultiPoint"",""coordinates"":[]}"
2_2022_01_09,0.4862437505182763,2022-01-09,09,01,,2022,"{""type"":""MultiPoint"",""coordinates"":[]}"
2_2022_01_25,0.4478704923416001,2022-01-25,25,01,,2022,"{""type"":""MultiPoint"",""coordinates"":[]}"
2_2022_02_10,0.4443712687602457,2022-02-10,10,02,,2022,"{""type"":""MultiPoint"",""coordinates"":[]}"
2_2022_02_26,0.38184466024220987,2022-02-26,26,02,,2022,"{""type"":""MultiPoint"",""coordinates"":[]}"
2_2022_03_14,0.38457723659720566,2022-03-14,14,03,,2022,"{""type"":""MultiPoint"",""coordinates"":[]}"
2_2022_03_30,0.2339652626825882,2022-03-30,30,03,,2022,"{""type"":""MultiPoint"",""coordinates"":[]}"
2_2022_04_15,0.4789082173407605,2022-04-15,15,04,,2022,"{""type"":""MultiPoint"",""coordinates"":[]}"
2_2022_05_01,0.45563579183074093,2022-05-01,01,05,,2022,"{""type"":""MultiPoint"",""coordinates"":[]}"
2_2022_05_17,0.5396586866811096,2022-05-17,17,05,,2022,"{""type"":""MultiPoint"",""coordinates"":[]}"
2_2022_06_02,0.44630228169742453,2022-06-02,02,06,,2022,"{""type"":""MultiPoint"",""coordinates"":[]}"
2_2022_06_18,0.46586248596204505,2022-06-18,18,06,,2022,"{""type"":""MultiPoint"",""coordinates"":[]}"
2_2022_07_04,0.4941854501904073,2022-07-04,04,07,,2022,"{""type"":""MultiPoint"",""coordinates"":[]}"
2_2022_07_20,0.44522091594497354,2022-07-20,20,07,,2022,"{""type"":""MultiPoint"",""coordinates"":[]}"
2_2022_08_05,0.5364358497521516,2022-08-05,05,08,,2022,"{""type"":""MultiPoint"",""coordinates"":[]}"
2_2022_08_21,0.3673374387969574,2022-08-21,21,08,,2022,"{""type"":""MultiPoint"",""coordinates"":[]}"
2_2022_09_06,0.5828719366375853,2022-09-06,06,09,,2022,"{""type"":""MultiPoint"",""coordinates"":[]}"
2_2022_09_22,0.3206399687956224,2022-09-22,22,09,,2022,"{""type"":""MultiPoint"",""coordinates"":[]}"
2_2022_10_08,0.4221572876753465,2022-10-08,08,10,,2022,"{""type"":""MultiPoint"",""coordinates"":[]}"
2_2022_10_24,0.3631972211731471,2022-10-24,24,10,,2022,"{""type"":""MultiPoint"",""coordinates"":[]}"
2_2022_11_09,0.35820090397107474,2022-11-09,09,11,,2022,"{""type"":""MultiPoint"",""coordinates"":[]}"
2_2022_11_25,0.33246552904378823,2022-11-25,25,11,,2022,"{""type"":""MultiPoint"",""coordinates"":[]}"
2_2022_12_11,0.34321835548520974,2022-12-11,11,12,,2022,"{""type"":""MultiPoint"",""coordinates"":[]}"
2_2022_12_27,0.35283728187263913,2022-12-27,27,12,,2022,"{""type"":""MultiPoint"",""coordinates"":[]}"
2_2023_01_09,0.3680037183682039,2023-01-09,09,01,,2023,"{""type"":""MultiPoint"",""coordinates"":[]}"
2_2023_01_25,0.3447902982649024,2023-01-25,25,01,,2023,"{""type"":""MultiPoint"",""coordinates"":[]}"
2_2023_02_10,0.4425008144737081,2023-02-10,10,02,,2023,"{""type"":""MultiPoint"",""coordinates"":[]}"
2_2023_02_26,0.4690814734514895,2023-02-26,26,02,,2023,"{""type"":""MultiPoint"",""coordinates"":[]}"
2_2023_03_14,0.45587906920016324,2023-03-14,14,03,,2023,"{""type"":""MultiPoint"",""coordinates"":[]}"
2_2023_03_30,0.5186320858408202,2023-03-30,30,03,,2023,"{""type"":""MultiPoint"",""coordinates"":[]}"
2_2023_04_15,0.39984561761339055,2023-04-15,15,04,,2023,"{""type"":""MultiPoint"",""coordinates"":[]}"
2_2023_05_01,0.4692372617102517,2023-05-01,01,05,,2023,"{""type"":""MultiPoint"",""coordinates"":[]}"
2_2023_05_17,0.45302382815223574,2023-05-17,17,05,,2023,"{""type"":""MultiPoint"",""coordinates"":[]}"
2_2023_06_02,0.4881351875807409,2023-06-02,02,06,,2023,"{""type"":""MultiPoint"",""coordinates"":[]}"
2_2023_06_18,0.5264239354850189,2023-06-18,18,06,,2023,"{""type"":""MultiPoint"",""coordinates"":[]}"
2_2023_07_04,0.4693644223178541,2023-07-04,04,07,,2023,"{""type"":""MultiPoint"",""coordinates"":[]}"
2_2023_07_20,0.4740344021931595,2023-07-20,20,07,,2023,"{""type"":""MultiPoint"",""coordinates"":[]}"
2_2023_08_05,0.42300762769970857,2023-08-05,05,08,,2023,"{""type"":""MultiPoint"",""coordinates"":[]}"
2_2023_08_21,0.4655693758118211,2023-08-21,21,08,,2023,"{""type"":""MultiPoint"",""coordinates"":[]}"
2_2023_09_06,0.45239851737338377,2023-09-06,06,09,,2023,"{""type"":""MultiPoint"",""coordinates"":[]}"
2_2023_09_22,0.4992320372595245,2023-09-22,22,09,,2023,"{""type"":""MultiPoint"",""coordinates"":[]}"
2_2023_10_08,0.22096237541132605,2023-10-08,08,10,,2023,"{""type"":""MultiPoint"",""coordinates"":[]}"
2_2023_10_24,0.3257481862382738,2023-10-24,24,10,,2023,"{""type"":""MultiPoint"",""coordinates"":[]}"
2_2023_11_09,0.3588678883658745,2023-11-09,09,11,,2023,"{""type"":""MultiPoint"",""coordinates"":[]}"
2_2023_11_25,0.2438189297776973,2023-11-25,25,11,,2023,"{""type"":""MultiPoint"",""coordinates"":[]}"
2_2023_12_11,0.40749697421724745,2023-12-11,11,12,,2023,"{""type"":""MultiPoint"",""coordinates"":[]}"
2_2023_12_27,0.4089023048648724,2023-12-27,27,12,,2023,"{""type"":""MultiPoint"",""coordinates"":[]}"
2_2024_01_09,0.4706298191424776,2024-01-09,09,01,,2024,"{""type"":""MultiPoint"",""coordinates"":[]}"
2_2024_01_25,,2024-01-25,25,01,,2024,"{""type"":""MultiPoint"",""coordinates"":[]}"
2_2024_02_10,0.5213818168091873,2024-02-10,10,02,,2024,"{""type"":""MultiPoint"",""coordinates"":[]}"
2_2024_02_26,0.4908422074211975,2024-02-26,26,02,,2024,"{""type"":""MultiPoint"",""coordinates"":[]}"
2_2024_03_13,0.4944941878623049,2024-03-13,13,03,,2024,"{""type"":""MultiPoint"",""coordinates"":[]}"
2_2024_03_29,0.4138695775058125,2024-03-29,29,03,,2024,"{""type"":""MultiPoint"",""coordinates"":[]}"
2_2024_04_14,0.32374741329256296,2024-04-14,14,04,,2024,"{""type"":""MultiPoint"",""coordinates"":[]}"
2_2024_04_30,0.3827472278615402,2024-04-30,30,04,,2024,"{""type"":""MultiPoint"",""coordinates"":[]}"
2_2024_05_16,0.38951912933411614,2024-05-16,16,05,,2024,"{""type"":""MultiPoint"",""coordinates"":[]}"
2_2024_06_01,0.51275887097748,2024-06-01,01,06,,2024,"{""type"":""MultiPoint"",""coordinates"":[]}"
2_2024_06_17,0.5172920963882306,2024-06-17,17,06,,2024,"{""type"":""MultiPoint"",""coordinates"":[]}"
2_2024_07_03,0.5167327928080876,2024-07-03,03,07,,2024,"{""type"":""MultiPoint"",""coordinates"":[]}"
2_2024_07_19,0.5243300967934752,2024-07-19,19,07,,2024,"{""type"":""MultiPoint"",""coordinates"":[]}"
2_2024_08_04,0.4407838781322956,2024-08-04,04,08,,2024,"{""type"":""MultiPoint"",""coordinates"":[]}"
2_2024_08_20,0.4604344903043336,2024-08-20,20,08,,2024,"{""type"":""MultiPoint"",""coordinates"":[]}"
2_2024_09_05,0.3835153578643144,2024-09-05,05,09,,2024,"{""type"":""MultiPoint"",""coordinates"":[]}"
2_2024_09_21,0.5097903664035762,2024-09-21,21,09,,2024,"{""type"":""MultiPoint"",""coordinates"":[]}"
2_2024_10_07,0.5300953708365218,2024-10-07,07,10,,2024,"{""type"":""MultiPoint"",""coordinates"":[]}"
2_2024_10_23,0.5111589366755533,2024-10-23,23,10,,2024,"{""type"":""MultiPoint"",""coordinates"":[]}"
2_2024_11_08,0.3074706169626074,2024-11-08,08,11,,2024,"{""type"":""MultiPoint"",""coordinates"":[]}"
2_2024_11_24,0.2828389466525125,2024-11-24,24,11,,2024,"{""type"":""MultiPoint"",""coordinates"":[]}"
2_2024_12_10,0.3015212416005379,2024-12-10,10,12,,2024,"{""type"":""MultiPoint"",""coordinates"":[]}"
2_2024_12_26,0.45792583614241994,2024-12-26,26,12,,2024,"{""type"":""MultiPoint"",""coordinates"":[]}"
2_2025_01_09,0.438129307657032,2025-01-09,09,01,,2025,"{""type"":""MultiPoint"",""coordinates"":[]}"
2_2025_01_25,0.41712327581644093,2025-01-25,25,01,,2025,"{""type"":""MultiPoint"",""coordinates"":[]}"
2_2025_02_10,0.4247245910069892,2025-02-10,10,02,,2025,"{""type"":""MultiPoint"",""coordinates"":[]}"
2_2025_02_26,0.4219159764554024,2025-02-26,26,02,,2025,"{""type"":""MultiPoint"",""coordinates"":[]}"
2_2025_03_14,0.36342109309733245,2025-03-14,14,03,,2025,"{""type"":""MultiPoint"",""coordinates"":[]}"
2_2025_03_30,0.2947982737480715,2025-03-30,30,03,,2025,"{""type"":""MultiPoint"",""coordinates"":[]}"
